"Haplotype","Haplogroup","Quality","Novel#","Novel Variants","Private#","Private Variants","Missing#","Missing Variants","Filtered#","Filtered Private","Found#","Het#","Del#","Sample#"
"M8743890","A2z","0.9792","1","16519T","1","55C","1","3744G","2","309.1C 315.1C","56","0","0","1"
"M7753781","A2z","1","2","14173Y 16519T","0","null","0","null","2","309.1C 315.1C","57","1","0","1"
"M8253777","A2z","0.9908","2","16519T 195Y","0","null","2","195T 3744G","2","309.1C 315.1C","55","1","0","1"
"M9808625","A2z","0.9794","1","16519T","1","3397G","1","3744G","2","309.1C 315.1CC","56","0","0","1"
"H2965584","A2z","1","1","16519T","0","null","0","null","2","309.1C 315.1C","21","0","0","20"
"M2552179","A2z","1","2","16270Y 16519T","0","null","0","null","2","309.1C 315.1CC","57","1","0","2"
"M5616585","A2z","1","2","16519T 9500Y","0","null","0","null","2","309.1C 315.1C","57","1","0","1"
"G1825500","A2z","0.9239","1","16519T","4","13973T 16111A 2836A 794A","2","16111T 2836T","0","null","44","0","0","1"
"G6507740","A2z","0.9378","1","16519T","2","16111A 2836A","2","16111T 2836T","0","null","48","0","0","1"
"G6290517","A2z","0.9375","1","16519T","2","16111A 2836A","2","16111T 2836T","0","null","47","0","0","1"
"G8444363","A2z","0.9335","1","16519T","3","13708A 16111A 2836A","2","16111T 2836T","0","null","48","0","0","1"
"G9730931","A2z","0.938","1","16519T","2","16111A 2836A","2","16111T 2836T","0","null","48","0","0","1"
"G2164366","A2z","0.9488","5","16519T 249R 3738Y 7028Y 8794Y","2","16111A 2836A","3","16111T 2836T 8794T","0","null","45","4","0","1"
"JQ705380.1","A2z","0.9671","1","16519T","0","null","1","153G","2","309.1C 315.1CC","56","0","0","23"
"G1529131","A2z","0.9362","4","16519T 1738Y 6629R 7028Y","2","16111A 2836A","2","16111T 2836T","0","null","46","3","0","1"
"DQ282425.1","A2z","0.9726","1","16519T","0","null","0","null","2","309.1C 315.1C","57","0","0","18"
"DQ282424.1","A2z","0.9619","1","16519T","2","310C 4924C","0","null","0","null","57","0","0","1"
"G9549660","A2z","0.9328","1","16519T","3","16111A 16325C 2836A","2","16111T 2836T","0","null","48","0","0","1"
"G2503979","A2z","0.9391","1","16519T","2","16111A 2836A","2","16111T 2836T","0","null","49","0","0","1"
"G4538180","A2z","0.9391","1","16519T","2","16111A 2836A","2","16111T 2836T","0","null","49","0","0","1"
"M1068970","A2z","0.9637","1","16519T","0","null","1","3744G","2","309.1C 315.1CC","56","0","0","7"
"G4488222","A2z","0.938","1","16519T","2","16111A 2836A","2","16111T 2836T","0","null","48","0","0","1"
"G4057300","A2z","0.938","1","16519T","2","16111A 2836A","2","16111T 2836T","0","null","48","0","0","1"
"M2313937","A2z","0.9796","1","16519T","0","null","0","null","1","315.1C","57","0","0","1"
"M3040969","A2z","0.9796","1","16519T","0","null","0","null","0","null","57","0","0","1"
"M3335184","A2z","0.9637","1","16519T","0","null","1","3744G","2","309.1C 315.1C","56","0","0","18"
"G7457234","A2z","0.9349","2","16311Y 16519T","3","16111A 2836A 5186G","3","16111T 16311T 2836T","0","null","46","1","0","1"
"M3672172","A2z","0.9708","1","16519T","0","null","1","3744G","1","315.1C","56","0","0","2"
"M3776442","A2z","0.9575","1","16519T","1","11410C","1","153G","2","309.1C 315.1CC","56","0","0","1"
"M3885418","A2z","0.9563","1","16519T","1","16201T","1","153G","2","309.1C 315.1CC","56","0","0","1"
"G2960705","A2z","0.9315","1","16519T","3","13708A 16111A 2836A","2","16111T 2836T","0","null","46","0","0","1"
"M4550029","A2z","0.9575","1","16519T","1","4859C","1","153G","2","309.1C 315.1CC","56","0","0","1"
"M4778882","A2z","0.9726","2","12194T 16519T","0","null","0","null","2","309.1C 315.1CC","57","0","0","1"
"M5202118","A2z","0.9581","2","16519T 8955C","1","16126C","1","3744G","2","309.1C 315.1C","56","0","0","2"
"G2209933","A2z","0.9359","1","16519T","2","16111A 2836A","2","16111T 2836T","0","null","46","0","0","1"
"G2873363","A2z","0.9241","1","16519T","4","13973T 16111A 2836A 794A","2","16111T 2836T","0","null","45","0","0","1"
"G3262064","A2z","0.9241","2","16519T 2831R","4","13973T 16111A 2836A 794A","2","16111T 2836T","0","null","45","1","0","1"
"G3427085","A2z","0.9241","1","16519T","4","13973T 16111A 2836A 794A","2","16111T 2836T","0","null","45","0","0","1"
"G7282118","A2z","0.9241","1","16519T","4","13973T 16111A 2836A 794A","2","16111T 2836T","0","null","45","0","0","1"
"G8405495","A2z","0.9241","1","16519T","4","13973T 16111A 2836A 794A","2","16111T 2836T","0","null","45","0","0","1"
"G3532982","A2z","0.9241","1","16519T","4","13973T 16111A 2836A 794A","2","16111T 2836T","0","null","45","0","0","1"
"G4333485","A2z","0.9241","1","16519T","4","13973T 16111A 2836A 794A","2","16111T 2836T","0","null","45","0","0","1"
"G4526759","A2z","0.9241","1","16519T","4","13973T 16111A 2836A 794A","2","16111T 2836T","0","null","45","0","0","1"
"G6647839","A2z","0.9241","1","16519T","4","13973T 16111A 2836A 794A","2","16111T 2836T","0","null","45","0","0","1"
"G1129872","A2z","0.9241","1","16519T","4","13973T 16111A 2836A 794A","2","16111T 2836T","0","null","45","0","0","1"
"G6181735","A2z","0.9241","1","16519T","4","13973T 16111A 2836A 794A","2","16111T 2836T","0","null","45","0","0","1"
"G7223862","A2z","0.9241","1","16519T","4","13973T 16111A 2836A 794A","2","16111T 2836T","0","null","45","0","0","1"
"G7237420","A2z","0.9239","1","16519T","4","13973T 16111A 2836A 794A","2","16111T 2836T","0","null","44","0","0","1"
"G1589688","A2z","0.9241","1","16519T","4","13973T 16111A 2836A 794A","2","16111T 2836T","0","null","45","0","0","1"
"G9402890","A2z","0.9241","1","16519T","4","13973T 16111A 2836A 794A","2","16111T 2836T","0","null","45","0","0","1"
"G6719156","A2z","0.9241","1","16519T","4","13973T 16111A 2836A 794A","2","16111T 2836T","0","null","45","0","0","1"
"G8097852","A2z","0.9351","1","16519T","3","13973T 2836A 794A","2","16111T 2836T","0","null","45","0","0","1"
"G2043367","A2z","0.9351","1","16519T","3","13973T 2836A 794A","2","16111T 2836T","0","null","45","0","0","1"
"G7716732","A2z","0.9241","1","16519T","4","13973T 16111A 2836A 794A","2","16111T 2836T","0","null","45","0","0","1"
"G7010806","A2z","0.9241","1","16519T","4","13973T 16111A 2836A 794A","2","16111T 2836T","0","null","45","0","0","1"
"G8449650","A2z","0.9241","1","16519T","4","13973T 16111A 2836A 794A","2","16111T 2836T","0","null","45","0","0","1"
"G5030210","A2z","0.9241","1","16519T","4","13973T 16111A 2836A 794A","2","16111T 2836T","0","null","45","0","0","1"
"G1910859","A2z","0.9241","1","16519T","4","13973T 16111A 2836A 794A","2","16111T 2836T","0","null","45","0","0","1"
"G1436724","A2z","0.9241","1","16519T","4","13973T 16111A 2836A 794A","2","16111T 2836T","0","null","45","0","0","1"
"G4326361","A2z","0.9241","1","16519T","4","13973T 16111A 2836A 794A","2","16111T 2836T","0","null","45","0","0","1"
"G1678417","A2z","0.9241","1","16519T","4","13973T 16111A 2836A 794A","2","16111T 2836T","0","null","45","0","0","1"
"G2291868","A2z","0.9241","1","16519T","4","13973T 16111A 2836A 794A","2","16111T 2836T","0","null","45","0","0","1"
"G2865307","A2z","0.9241","1","16519T","4","13973T 16111A 2836A 794A","2","16111T 2836T","0","null","45","0","0","1"
"G3631445","A2z","0.9241","1","16519T","4","13973T 16111A 2836A 794A","2","16111T 2836T","0","null","45","0","0","1"
"G4036473","A2z","0.9241","1","16519T","4","13973T 16111A 2836A 794A","2","16111T 2836T","0","null","45","0","0","1"
"G4327912","A2z","0.9241","1","16519T","4","13973T 16111A 2836A 794A","2","16111T 2836T","0","null","45","0","0","1"
"G5134138","A2z","0.9142","1","16519T","5","13194A 13973T 16111A 2836A 794A","2","16111T 2836T","0","null","45","0","0","1"
"G5342900","A2z","0.914","1","16519T","5","13973T 15043A 16111A 2836A 794A","2","16111T 2836T","0","null","45","0","0","1"
"G5477562","A2z","0.9241","1","16519T","4","13973T 16111A 2836A 794A","2","16111T 2836T","0","null","45","0","0","1"
"G5894530","A2z","0.9241","1","16519T","4","13973T 16111A 2836A 794A","2","16111T 2836T","0","null","45","0","0","1"
"G5578408","A2z","0.9368","1","16519T","2","16111A 2836A","2","16111T 2836T","0","null","47","0","0","1"
"G3035550","A2z","0.9368","2","16519T 2835Y","2","16111A 2836A","2","16111T 2836T","0","null","47","1","0","1"
"G2768827","A2z","0.9391","1","16519T","2","16111A 2836A","2","16111T 2836T","0","null","49","0","0","1"
"G6722496","A2z","0.938","1","16519T","2","16111A 2836A","2","16111T 2836T","0","null","48","0","0","1"
"G1317699","A2z","0.9372","1","16519T","2","16111A 2836A","2","16111T 2836T","0","null","47","0","0","1"
"G2468159","A2z","0.938","1","16519T","2","16111A 2836A","2","16111T 2836T","0","null","48","0","0","1"
"G9318695","A2z","0.9548","1","16519T","1","2836A","1","2836T","0","null","49","0","0","1"
"G9445521","A2z","0.9391","1","16519T","2","16111A 2836A","2","16111T 2836T","0","null","49","0","0","1"
"G9078686","A2z","0.938","1","16519T","2","16111A 2836A","2","16111T 2836T","0","null","48","0","0","1"
"G4699475","A2z","0.9436","1","16519T","1","2836A","2","2836T 3744G","0","null","47","0","0","1"
"M7163983","A2z","0.9671","2","11410Y 16519T","0","null","1","153G","2","309.1C 315.1CC","56","1","0","1"
"G9896243","A2z","0.938","1","16519T","2","16111A 2836A","2","16111T 2836T","0","null","48","0","0","1"
"G5815286","A2z","0.9391","1","16519T","2","16111A 2836A","2","16111T 2836T","0","null","49","0","0","1"
"G8144182","A2z","0.9335","1","16519T","3","13708A 16111A 2836A","2","16111T 2836T","0","null","48","0","0","1"
"G1809079","A2z","0.9375","3","16519T 2835Y 3738Y","2","16111A 2836A","2","16111T 2836T","0","null","47","2","0","1"
"G8614479","A2z","0.938","2","13269R 16519T","2","16111A 2836A","2","16111T 2836T","0","null","48","1","0","1"
"M7530599","A2z","0.9583","1","16519T","1","146T","2","146T! 153G","2","309.1C 315.1C","56","0","0","1"
"G2446247","A2z","0.9383","1","16519T","2","16111A 2836A","2","16111T 2836T","0","null","48","0","0","1"
"G7833209","A2z","0.9378","1","16519T","2","16111A 2836A","2","16111T 2836T","0","null","48","0","0","1"
"M8068853","A2z","0.9581","1","16519T","1","16126C","1","3744G","2","309.1C 315.1C","56","0","0","15"
"M8486268","A2z","0.9508","1","16519T","1","16126C","2","214G 3744G","2","309.1C 315.1CC","55","0","0","1"
"G4954701","A2z","0.9378","1","16519T","2","16111A 2836A","2","16111T 2836T","0","null","48","0","0","1"
"H2245828","A2z","0.9644","1","16519T","0","null","1","153G","2","309.1CC 315.1C","20","0","0","3"
"M9121107","A2z","0.9678","1","16519T","1","16249C","0","null","2","309.1C 315.1CC","57","0","0","1"
"H2272204","A2z","0.9377","1","16519T","2","16092C 16274A","0","null","2","309.1C 315.1C","21","0","0","1"
"H2272450","A2z","0.9698","1","16519T","1","16274A","0","null","2","309.1C 315.1C","21","0","0","1"
"M9379690","A2z","0.9671","1","16519T","0","null","1","153G","2","309.1C 315.1C","56","0","0","9"
"H2299136","A2z","0.9651","1","16519T","1","16126C","0","null","2","309.1C 315.1C","21","0","0","8"
"G4553018","A2z","0.9391","1","16519T","2","16111A 2836A","2","16111T 2836T","0","null","49","0","0","1"
"H2367217","A2z","0.9651","2","16519T 64Y","1","16126C","0","null","2","309.1C 315.1C","21","1","0","1"
"H2409766","A2z","0.9644","2","153N 16519T","0","null","1","153G","2","309.1C 315.1C","20","0","0","1"
"H2491853","A2z","1","2","16126Y 16519T","0","null","0","null","2","309.1C 315.1C","21","1","0","1"
"H2572674","A2z","0.9644","1","16519T","0","null","1","153G","2","309.1C 315.1C","20","0","0","4"
"H2770463","A2z","0.9314","1","16519T","2","16126C 16259T","0","null","2","309.1C 315.1C","21","0","0","1"
"H2952406","A2z","1","1","16519T","0","null","0","null","2","309.1CC 315.1C","21","0","0","13"
"H2979635","A2z","0.9842","2","16326C 16519T","0","null","1","16362C","2","309.1CC 315.1C","20","0","0","1"
"H2696145","A2z","1","2","16360Y 16519T","0","null","0","null","2","309.1C 315.1C","21","1","0","1"
"H2939548","A2z","0.9668","1","16519T","1","16325C","0","null","2","309.1C 315.1C","21","0","0","1"
"M3897964","A2z","0.9807","1","16519T","1","16126C","1","3744G","0","null","56","0","0","1"
"G2320842","A2z","0.914","3","12083T 16519T 3399A","5","13830C 13973T 16111A 2836A 794A","2","16111T 2836T","0","null","45","0","0","4"
"G6097140","A2z","0.9036","2","16519T 3399A","5","13830C 13973T 16111A 2836A 794A","3","16111T 16319A 2836T","0","null","44","0","0","1"
"M9103157","A2z","0.9897","1","16519T","1","8901G","0","null","0","null","57","0","0","1"
"M2876313","A2z","0.9927","1","16519T","1","5460A","0","null","2","309.1C 315.1C","57","0","0","1"
"M7525218","A2z","1","2","16519T 189R","0","null","0","null","2","309.1C 315.1CC","57","1","0","1"
"M8459344","A2z","1","2","13950T 16519T","0","null","0","null","2","309.1C 315.1CC","57","0","0","1"
"M2487390","A2z","1","1","16519T","0","null","0","null","2","309.1C 315.1C","57","0","0","1"
"M9575535","A2z","0.9926","1","16519T","1","13708A","0","null","0","null","57","0","0","1"
"M4233920","A2z","1","1","16519T","0","null","0","null","1","315.1C","57","0","0","1"
"G1322489","A2z","0.9241","1","16519T","4","13973T 16111A 2836A 794A","2","16111T 2836T","0","null","45","0","0","1"
"G1658145","A2z","0.9241","1","16519T","4","13973T 16111A 2836A 794A","2","16111T 2836T","0","null","45","0","0","1"
"G5426743","A2z","0.9241","1","16519T","4","13973T 16111A 2836A 794A","2","16111T 2836T","0","null","45","0","0","1"
"G5559896","A2z","0.9241","1","16519T","4","13973T 16111A 2836A 794A","2","16111T 2836T","0","null","45","0","0","1"
"G8116477","A2z","0.9241","1","16519T","4","13973T 16111A 2836A 794A","2","16111T 2836T","0","null","45","0","0","1"
"G9471808","A2z","0.9241","1","16519T","4","13973T 16111A 2836A 794A","2","16111T 2836T","0","null","45","0","0","1"
"G9742597","A2z","0.9241","1","16519T","4","13973T 16111A 2836A 794A","2","16111T 2836T","0","null","45","0","0","1"
"G6179398","A2z","0.9241","1","16519T","4","13973T 16111A 2836A 794A","2","16111T 2836T","0","null","45","0","0","1"
"G7754828","A2z","0.9241","1","16519T","4","13973T 16111A 2836A 794A","2","16111T 2836T","0","null","45","0","0","1"
"G9622400","A2z","0.9241","1","16519T","4","13973T 16111A 2836A 794A","2","16111T 2836T","0","null","45","0","0","1"
"G1573522","A2z","0.9241","1","16519T","4","13973T 16111A 2836A 794A","2","16111T 2836T","0","null","45","0","0","1"
"G4877018","A2z","0.9241","1","16519T","4","13973T 16111A 2836A 794A","2","16111T 2836T","0","null","45","0","0","1"
"G2674723","A2z","0.9241","1","16519T","4","13973T 16111A 2836A 794A","2","16111T 2836T","0","null","45","0","0","1"
"G5133076","A2z","0.9241","1","16519T","4","13973T 16111A 2836A 794A","2","16111T 2836T","0","null","45","0","0","1"
"G2873363","A2z","0.9241","1","16519T","4","13973T 16111A 2836A 794A","2","16111T 2836T","0","null","45","0","0","1"
"G3262064","A2z","0.9241","2","16519T 2831R","4","13973T 16111A 2836A 794A","2","16111T 2836T","0","null","45","1","0","1"
"G3427085","A2z","0.9241","1","16519T","4","13973T 16111A 2836A 794A","2","16111T 2836T","0","null","45","0","0","1"
"G7282118","A2z","0.9241","1","16519T","4","13973T 16111A 2836A 794A","2","16111T 2836T","0","null","45","0","0","1"
"G8405495","A2z","0.9241","1","16519T","4","13973T 16111A 2836A 794A","2","16111T 2836T","0","null","45","0","0","1"
"G3532982","A2z","0.9241","1","16519T","4","13973T 16111A 2836A 794A","2","16111T 2836T","0","null","45","0","0","1"
"G4333485","A2z","0.9241","1","16519T","4","13973T 16111A 2836A 794A","2","16111T 2836T","0","null","45","0","0","1"
"G4526759","A2z","0.9241","1","16519T","4","13973T 16111A 2836A 794A","2","16111T 2836T","0","null","45","0","0","1"
"G6787746","A2z","0.9241","1","16519T","4","13973T 16111A 2836A 794A","2","16111T 2836T","0","null","45","0","0","1"
"G8119865","A2z","0.9241","1","16519T","4","13973T 16111A 2836A 794A","2","16111T 2836T","0","null","45","0","0","1"
"G9004223","A2z","0.9241","1","16519T","4","13973T 16111A 2836A 794A","2","16111T 2836T","0","null","45","0","0","1"
"G9214054","A2z","0.9155","1","16519T","5","13973T 16111A 16325C 2836A 794A","2","16111T 2836T","0","null","45","0","0","1"
"G9782108","A2z","0.9241","1","16519T","4","13973T 16111A 2836A 794A","2","16111T 2836T","0","null","45","0","0","1"
"G7536829","A2z","0.9241","1","16519T","4","13973T 16111A 2836A 794A","2","16111T 2836T","0","null","45","0","0","1"
"M9159579","A2z","0.9726","1","16519T","0","null","0","null","2","309.1C 315.1CC","57","0","0","35"
"G7111956","A2z","0.9241","1","16519T","4","13973T 16111A 2836A 794A","2","16111T 2836T","0","null","45","0","0","1"
"G3063945","A2z","0.9241","1","16519T","4","13973T 16111A 2836A 794A","2","16111T 2836T","0","null","45","0","0","1"
"G5273320","A2z","0.9239","1","16519T","4","13973T 16111A 2836A 794A","2","16111T 2836T","0","null","44","0","0","1"
"G1136420","A2z","0.9241","1","16519T","4","13973T 16111A 2836A 794A","2","16111T 2836T","0","null","45","0","0","1"
"G2717183","A2z","0.9241","1","16519T","4","13973T 16111A 2836A 794A","2","16111T 2836T","0","null","45","0","0","1"
"G4233834","A2z","0.9206","1","16519T","4","13973T 16111A 2836A 794A","3","16111T 195T 2836T","0","null","43","0","0","1"
"G4670108","A2z","0.9241","1","16519T","4","13973T 16111A 2836A 794A","2","16111T 2836T","0","null","45","0","0","1"
"G4963199","A2z","0.9241","1","16519T","4","13973T 16111A 2836A 794A","2","16111T 2836T","0","null","45","0","0","1"
"G5267249","A2z","0.9241","1","16519T","4","13973T 16111A 2836A 794A","2","16111T 2836T","0","null","45","0","0","1"
"G5872839","A2z","0.9241","1","16519T","4","13973T 16111A 2836A 794A","2","16111T 2836T","0","null","45","0","0","1"
"G6059245","A2z","0.9241","1","16519T","4","13973T 16111A 2836A 794A","2","16111T 2836T","0","null","45","0","0","1"
"G8896848","A2z","0.9241","1","16519T","4","13973T 16111A 2836A 794A","2","16111T 2836T","0","null","45","0","0","1"
"G9184130","A2z","0.9241","1","16519T","4","13973T 16111A 2836A 794A","2","16111T 2836T","0","null","45","0","0","1"
"G2655558","A2z","0.9222","2","10143R 16519T","4","13973T 16111A 2836A 794A","2","16111T 2836T","0","null","44","1","0","1"
"M9922734","A2z","0.9676","1","16519T","0","null","1","16111T","2","309.1C 315.1CC","56","0","0","1"
"M7327433","A2z","0.9671","2","14133R 16519T","0","null","1","153G","2","309.1C 315.1CC","56","1","0","1"
"M8767662","A2z","0.9561","1","16519T","1","16327T","1","3744G","2","309.1C 315.1C","56","0","0","1"
"M6843724","A2z","0.9563","1","16519T","1","16360T","1","3744G","2","309.1C 315.1C","56","0","0","1"
"G1095451","A2z","0.9241","1","16519T","4","13973T 16111A 2836A 794A","2","16111T 2836T","0","null","45","0","0","1"
"M2673840","A2z","0.9494","1","16519T","2","16126C 3996T","1","3744G","2","309.1C 315.1C","56","0","0","3"
"M4188657","A2z","0.9582","1","16519T","0","null","2","153G 16311T","2","309.1C 315.1CC","55","0","0","2"
"M1508892","A2z","0.9671","2","16519T 5075Y","0","null","1","153G","2","309.1C 315.1CC","56","1","0","1"
"G3476704","A2z","0.9239","1","16519T","4","13973T 16111A 2836A 794A","2","16111T 2836T","0","null","44","0","0","1"
"G1976126","A2z","0.9241","1","16519T","4","13973T 16111A 2836A 794A","2","16111T 2836T","0","null","45","0","0","1"
"G2161358","A2z","0.9225","1","16519T","4","13973T 16111A 2836A 794A","3","16111T 195T 2836T","0","null","44","0","0","1"
"G3084119","A2z","0.9241","2","15067Y 16519T","4","13973T 16111A 2836A 794A","2","16111T 2836T","0","null","45","1","0","1"
"G3180164","A2z","0.9241","1","16519T","4","13973T 16111A 2836A 794A","2","16111T 2836T","0","null","45","0","0","1"
"G4751160","A2z","0.9241","1","16519T","4","13973T 16111A 2836A 794A","2","16111T 2836T","0","null","45","0","0","1"
"G1591580","A2z","0.9241","1","16519T","4","13973T 16111A 2836A 794A","2","16111T 2836T","0","null","45","0","0","1"
"G1847163","A2z","0.9241","1","16519T","4","13973T 16111A 2836A 794A","2","16111T 2836T","0","null","45","0","0","1"
"G2237985","A2z","0.9241","1","16519T","4","13973T 16111A 2836A 794A","2","16111T 2836T","0","null","45","0","0","1"
"G2496875","A2z","0.9225","1","16519T","4","13973T 16111A 2836A 794A","3","16111T 195T 2836T","0","null","44","0","0","1"
"G3140593","A2z","0.9239","1","16519T","4","13973T 16111A 2836A 794A","2","16111T 2836T","0","null","44","0","0","1"
"G9598526","A2z","0.9241","1","16519T","4","13973T 16111A 2836A 794A","2","16111T 2836T","0","null","45","0","0","1"
"G9807142","A2z","0.9241","1","16519T","4","13973T 16111A 2836A 794A","2","16111T 2836T","0","null","45","0","0","1"
"G5004150","A2z","0.9241","2","16519T 8065R","4","13973T 16111A 2836A 794A","2","16111T 2836T","0","null","45","1","0","1"
"G9672458","A2z","0.9241","1","16519T","4","13973T 16111A 2836A 794A","2","16111T 2836T","0","null","45","0","0","1"
"G8078245","A2z","0.9241","1","16519T","4","13973T 16111A 2836A 794A","2","16111T 2836T","0","null","45","0","0","1"
"G2391411","A2z","0.9241","1","16519T","4","13973T 16111A 2836A 794A","2","16111T 2836T","0","null","45","0","0","1"
"G2016238","A2z","0.9241","1","16519T","4","13973T 16111A 2836A 794A","2","16111T 2836T","0","null","45","0","0","1"
"G2572992","A2z","0.9241","1","16519T","4","13973T 16111A 2836A 794A","2","16111T 2836T","0","null","45","0","0","1"
"G2804436","A2z","0.9241","1","16519T","4","13973T 16111A 2836A 794A","2","16111T 2836T","0","null","45","0","0","1"
"G3094165","A2z","0.9241","1","16519T","4","13973T 16111A 2836A 794A","2","16111T 2836T","0","null","45","0","0","1"
"G3281335","A2z","0.9241","1","16519T","4","13973T 16111A 2836A 794A","2","16111T 2836T","0","null","45","0","0","1"
"G4622515","A2z","0.9241","1","16519T","4","13973T 16111A 2836A 794A","2","16111T 2836T","0","null","45","0","0","1"
"G4796793","A2z","0.9241","1","16519T","4","13973T 16111A 2836A 794A","2","16111T 2836T","0","null","45","0","0","1"
"G5391341","A2z","0.9241","1","16519T","4","13973T 16111A 2836A 794A","2","16111T 2836T","0","null","45","0","0","1"
"G5797805","A2z","0.9241","1","16519T","4","13973T 16111A 2836A 794A","2","16111T 2836T","0","null","45","0","0","1"
"G6298396","A2z","0.9241","1","16519T","4","13973T 16111A 2836A 794A","2","16111T 2836T","0","null","45","0","0","1"
"G6740364","A2z","0.9241","2","10143R 16519T","4","13973T 16111A 2836A 794A","2","16111T 2836T","0","null","45","1","0","1"
"G6994565","A2z","0.9241","1","16519T","4","13973T 16111A 2836A 794A","2","16111T 2836T","0","null","45","0","0","1"
"G7786078","A2z","0.9241","1","16519T","4","13973T 16111A 2836A 794A","2","16111T 2836T","0","null","45","0","0","2"
"G7793215","A2z","0.9164","1","16519T","5","13708A 13973T 16111A 2836A 794A","2","16111T 2836T","0","null","45","0","0","1"
"G8082757","A2z","0.9241","1","16519T","4","13973T 16111A 2836A 794A","2","16111T 2836T","0","null","45","0","0","1"
"G8587016","A2z","0.9241","1","16519T","4","13973T 16111A 2836A 794A","2","16111T 2836T","0","null","45","0","0","1"
"G8993028","A2z","0.9241","1","16519T","4","13973T 16111A 2836A 794A","2","16111T 2836T","0","null","45","0","0","1"
"G9050956","A2z","0.9241","1","16519T","4","13973T 16111A 2836A 794A","2","16111T 2836T","0","null","45","0","0","1"
"G9245804","A2z","0.9241","2","14258R 16519T","4","13973T 16111A 2836A 794A","2","16111T 2836T","0","null","45","1","0","1"
"G9534503","A2z","0.9241","1","16519T","4","13973T 16111A 2836A 794A","2","16111T 2836T","0","null","45","0","0","1"
"G9607282","A2z","0.9241","1","16519T","4","13973T 16111A 2836A 794A","2","16111T 2836T","0","null","45","0","0","1"
"G9847893","A2z","0.9241","1","16519T","4","13973T 16111A 2836A 794A","2","16111T 2836T","0","null","45","0","0","1"
"G9950780","A2z","0.9241","1","16519T","4","13973T 16111A 2836A 794A","2","16111T 2836T","0","null","45","0","0","1"
"G9082232","A2z","0.9241","1","16519T","4","13973T 16111A 2836A 794A","2","16111T 2836T","0","null","45","0","0","1"
"G2514299","A2z","0.9241","1","16519T","4","13973T 16111A 2836A 794A","2","16111T 2836T","0","null","45","0","0","1"
"G6721800","A2z","0.9241","1","16519T","4","13973T 16111A 2836A 794A","2","16111T 2836T","0","null","45","0","0","1"
"G2679743","A2z","0.9155","2","15314R 16519T","5","13973T 16111A 16325C 2836A 794A","2","16111T 2836T","0","null","45","1","0","1"
"G6228744","A2z","0.9241","1","16519T","4","13973T 16111A 2836A 794A","2","16111T 2836T","0","null","45","0","0","1"
"G7217549","A2z","0.9241","1","16519T","4","13973T 16111A 2836A 794A","2","16111T 2836T","0","null","45","0","0","0"
"G1429187","A2z","0.9222","1","16519T","4","13973T 16111A 2836A 794A","2","16111T 2836T","0","null","44","0","0","1"
"G3206185","A2z","0.9141","1","16519T","5","13973T 16111A 2836A 5237A 794A","2","16111T 2836T","0","null","45","0","0","1"
"G1097063","A2z","0.9241","1","16519T","4","13973T 16111A 2836A 794A","2","16111T 2836T","0","null","45","0","0","1"
"G6774450","A2z","0.9241","1","16519T","4","13973T 16111A 2836A 794A","2","16111T 2836T","0","null","45","0","0","1"
"G5557929","A2z","0.9241","1","16519T","4","13973T 16111A 2836A 794A","2","16111T 2836T","0","null","45","0","0","1"
"G6109318","A2z","0.9142","1","16519T","5","13973T 16111A 2836A 7598A 794A","2","16111T 2836T","0","null","45","0","0","1"
"G7295019","A2z","0.9241","1","16519T","4","13973T 16111A 2836A 794A","2","16111T 2836T","0","null","45","0","0","1"
"G7982332","A2z","0.9241","1","16519T","4","13973T 16111A 2836A 794A","2","16111T 2836T","0","null","45","0","0","1"
"G3526714","A2z","0.9241","1","16519T","4","13973T 16111A 2836A 794A","2","16111T 2836T","0","null","45","0","0","1"
"G2554211","A2z","0.9241","1","16519T","4","13973T 16111A 2836A 794A","2","16111T 2836T","0","null","45","0","0","1"
"G1087314","A2z","0.9135","2","16519T 8087Y","5","13973T 16111A 2789T 2836A 794A","2","16111T 2836T","0","null","45","1","0","1"
"G1285992","A2z","0.9241","1","16519T","4","13973T 16111A 2836A 794A","2","16111T 2836T","0","null","45","0","0","1"
"G2695390","A2z","0.9241","1","16519T","4","13973T 16111A 2836A 794A","2","16111T 2836T","0","null","45","0","0","1"
"G3039490","A2z","0.9241","1","16519T","4","13973T 16111A 2836A 794A","2","16111T 2836T","0","null","45","0","0","1"
"G3114267","A2z","0.9155","1","16519T","5","13973T 16111A 16325C 2836A 794A","2","16111T 2836T","0","null","45","0","0","1"
"G3786908","A2z","0.9241","1","16519T","4","13973T 16111A 2836A 794A","2","16111T 2836T","0","null","45","0","0","1"
"G3883222","A2z","0.9241","1","16519T","4","13973T 16111A 2836A 794A","2","16111T 2836T","0","null","45","0","0","1"
"G4713837","A2z","0.9241","1","16519T","4","13973T 16111A 2836A 794A","2","16111T 2836T","0","null","45","0","0","1"
"G5442337","A2z","0.9241","1","16519T","4","13973T 16111A 2836A 794A","2","16111T 2836T","0","null","45","0","0","1"
"G5836750","A2z","0.9241","1","16519T","4","13973T 16111A 2836A 794A","2","16111T 2836T","0","null","45","0","0","1"
"G6483060","A2z","0.9241","1","16519T","4","13973T 16111A 2836A 794A","2","16111T 2836T","0","null","45","0","0","1"
"G6617096","A2z","0.9241","1","16519T","4","13973T 16111A 2836A 794A","2","16111T 2836T","0","null","45","0","0","1"
"G6787746","A2z","0.9241","1","16519T","4","13973T 16111A 2836A 794A","2","16111T 2836T","0","null","45","0","0","1"
"G8119865","A2z","0.9241","1","16519T","4","13973T 16111A 2836A 794A","2","16111T 2836T","0","null","45","0","0","1"
"G9004223","A2z","0.9241","1","16519T","4","13973T 16111A 2836A 794A","2","16111T 2836T","0","null","45","0","0","1"
"G9214054","A2z","0.9155","1","16519T","5","13973T 16111A 16325C 2836A 794A","2","16111T 2836T","0","null","45","0","0","1"
"G9782108","A2z","0.9241","1","16519T","4","13973T 16111A 2836A 794A","2","16111T 2836T","0","null","45","0","0","1"
"G7536829","A2z","0.9241","1","16519T","4","13973T 16111A 2836A 794A","2","16111T 2836T","0","null","45","0","0","1"
"M9159579","A2z","0.9726","1","16519T","0","null","0","null","2","309.1C 315.1CC","57","0","0","35"
"G7111956","A2z","0.9241","1","16519T","4","13973T 16111A 2836A 794A","2","16111T 2836T","0","null","45","0","0","1"
"G6633942","A2z","0.9542","2","16274R 16519T","1","2836A","1","2836T","0","null","48","1","0","1"
"G2940410","A2z","0.9375","1","16519T","2","16111A 2836A","2","16111T 2836T","0","null","47","0","0","1"
"G3492268","A2z","0.9391","1","16519T","2","16111A 2836A","2","16111T 2836T","0","null","49","0","0","1"
"G5216696","A2z","0.9391","1","16519T","2","16111A 2836A","2","16111T 2836T","0","null","49","0","0","1"
"M6473330","A2z","0.9581","2","16519T 9663R","1","16126C","1","3744G","2","309.1C 315.1C","56","1","0","1"
"G5024696","A2z","0.9516","2","16519T 3738Y","1","2836A","1","2836T","0","null","45","1","0","0"
"G6124590","A2z","0.9391","1","16519T","2","16111A 2836A","2","16111T 2836T","0","null","49","0","0","1"
"G8842257","A2z","0.9385","1","16519T","2","16111A 2836A","2","16111T 2836T","0","null","48","0","0","1"
"M1779597","A2z","0.9896","2","10026Y 16519T","0","null","1","3744G","2","309.1C 315.1C","56","1","0","1"
"G1107703","A2z","0.9124","3","12083T 16519T 3399A","5","13830C 13973T 16111A 2836A 794A","3","16111T 195T 2836T","0","null","44","0","0","1"
"G5458335","A2z","0.9368","1","16519T","2","16111A 2836A","2","16111T 2836T","0","null","47","0","0","1"
"G3700914","A2z","0.9391","1","16519T","2","16111A 2836A","2","16111T 2836T","0","null","49","0","0","2"
"G7789870","A2z","0.9292","2","13269R 16519T","2","16111A 2836A","3","16111T 195T 2836T","0","null","47","1","0","1"
"G5578408","A2z","0.9368","1","16519T","2","16111A 2836A","2","16111T 2836T","0","null","47","0","0","1"
"G3035550","A2z","0.9368","2","16519T 2835Y","2","16111A 2836A","2","16111T 2836T","0","null","47","1","0","1"
"G2768827","A2z","0.9391","1","16519T","2","16111A 2836A","2","16111T 2836T","0","null","49","0","0","1"
"G6722496","A2z","0.938","1","16519T","2","16111A 2836A","2","16111T 2836T","0","null","48","0","0","1"
"G1317699","A2z","0.9372","1","16519T","2","16111A 2836A","2","16111T 2836T","0","null","47","0","0","1"
"G2468159","A2z","0.938","1","16519T","2","16111A 2836A","2","16111T 2836T","0","null","48","0","0","1"
"G9318695","A2z","0.9548","1","16519T","1","2836A","1","2836T","0","null","49","0","0","1"
"G9445521","A2z","0.9391","1","16519T","2","16111A 2836A","2","16111T 2836T","0","null","49","0","0","1"
"G9078686","A2z","0.938","1","16519T","2","16111A 2836A","2","16111T 2836T","0","null","48","0","0","1"
"G4699475","A2z","0.9436","1","16519T","1","2836A","2","2836T 3744G","0","null","47","0","0","1"
"M7163983","A2z","0.9671","2","11410Y 16519T","0","null","1","153G","2","309.1C 315.1CC","56","1","0","1"
"G9896243","A2z","0.938","1","16519T","2","16111A 2836A","2","16111T 2836T","0","null","48","0","0","1"
"G5815286","A2z","0.9391","1","16519T","2","16111A 2836A","2","16111T 2836T","0","null","49","0","0","1"
"G8144182","A2z","0.9335","1","16519T","3","13708A 16111A 2836A","2","16111T 2836T","0","null","48","0","0","1"
"G1809079","A2z","0.9375","3","16519T 2835Y 3738Y","2","16111A 2836A","2","16111T 2836T","0","null","47","2","0","1"
"G8614479","A2z","0.938","2","13269R 16519T","2","16111A 2836A","2","16111T 2836T","0","null","48","1","0","1"
"M7530599","A2z","0.9583","1","16519T","1","146T","2","146T! 153G","2","309.1C 315.1C","56","0","0","1"
"G2446247","A2z","0.9383","1","16519T","2","16111A 2836A","2","16111T 2836T","0","null","48","0","0","1"
"G7833209","A2z","0.9378","1","16519T","2","16111A 2836A","2","16111T 2836T","0","null","48","0","0","1"
"M8068853","A2z","0.9581","1","16519T","1","16126C","1","3744G","2","309.1C 315.1C","56","0","0","15"
"M8486268","A2z","0.9508","1","16519T","1","16126C","2","214G 3744G","2","309.1C 315.1CC","55","0","0","1"
"G4954701","A2z","0.9378","1","16519T","2","16111A 2836A","2","16111T 2836T","0","null","48","0","0","1"
"H2245828","A2z","0.9644","1","16519T","0","null","1","153G","2","309.1CC 315.1C","20","0","0","3"
"M9121107","A2z","0.9678","1","16519T","1","16249C","0","null","2","309.1C 315.1CC","57","0","0","1"
"H2272204","A2z","0.9377","1","16519T","2","16092C 16274A","0","null","2","309.1C 315.1C","21","0","0","1"
"H2272450","A2z","0.9698","1","16519T","1","16274A","0","null","2","309.1C 315.1C","21","0","0","1"
"M9379690","A2z","0.9671","1","16519T","0","null","1","153G","2","309.1C 315.1C","56","0","0","9"