"Sample","Source","Type","Taxon","Haplotype","Haplogroup","Quality","Source HG","Len","Conf","Study","Country","Population","Accession","Study Label","KitNum","Age","Status","Date","Note"
"1000647","FTDNA","Modern","null","M7753781","A2z","1","null","16568","16567","FTDNA mtFull","null","null","null","null","1000647","null","Good","2023-12-15","null"
"100278","FTDNA","Modern","9606","H2939548","A2z","0.9668","A","1143","1143","FTDNA mtPlus","Spain","null","null","null","100278","null","LowCov","2007-10-12","null"
"105758","FTDNA","Modern","9606","H2965584","A2z","1","A","1143","1143","FTDNA mtPlus","null","null","null","null","105758","null","LowCov","2007-12-21","null"
"105835","FTDNA","Modern","9606","H2696145","A2z","1","A","1142","1142","FTDNA mtPlus","Puerto Rico","null","null","null","105835","null","LowCov","2008-03-18","null"
"106562","FTDNA","Modern","9606","M6843724","A2z","0.9563","A-T152C!","16568","16568","FTDNA mtFull","Puerto Rico","null","null","null","106562","null","Good","2019-03-12","null"
"109490","FTDNA","Modern","9606","H2952406","A2z","1","A","1144","1144","FTDNA mtPlus","null","null","null","null","109490","null","LowCov","2008-02-05","null"
"111646","FTDNA","Modern","9606","M8068853","A2z","0.9581","A-T152C!","16568","16568","FTDNA mtFull","null","null","null","null","111646","null","Good","2008-02-21","null"
"114518","FTDNA","Modern","9606","M3672172","A2z","0.9708","A-T152C!","16567","16567","FTDNA mtFull","null","null","null","null","114518","null","Good","2009-01-19","null"
"115666","FTDNA","Modern","9606","G5426743","A2z","0.9241","null","3142","3131","FTDNA GxG","null","null","null","GRC182129527","115666","null","LowCov","2021-10-11","null"
"119853","FTDNA","Modern","9606","H2952406","A2z","1","A","1144","1144","FTDNA mtPlus","Puerto Rico","null","null","null","119853","null","LowCov","2011-05-31","null"
"136132","FTDNA","Modern","9606","H2572674","A2z","0.9644","A","1143","1143","FTDNA mtPlus","Puerto Rico","null","null","null","136132","null","LowCov","2008-12-22","null"
"141403","FTDNA","Modern","9606","M9379690","A2z","0.9671","A2z","16568","16568","FTDNA mtFull","Spain","null","null","null","141403","null","Good","2010-03-11","null"
"141985","FTDNA","Modern","9606","G9471808","A2z","0.9241","null","3142","3129","FTDNA GxG","Puerto Rico","null","null","GRC171215620","141985","null","LowCov","2021-10-10","null"
"147427","FTDNA","Modern","9606","JQ705069.1","A2z","0.9726","A2z","16569","16568","FTDNA mtFull","Puerto Rico","null","null","null","147427","null","Good","2009-12-28","null"
"152742","FTDNA","Modern","9606","H2572674","A2z","0.9644","A","1143","1143","FTDNA mtPlus","Puerto Rico","null","null","null","152742","null","LowCov","2009-06-30","null"
"154241","FTDNA","Modern","9606","G9549660","A2z","0.9328","null","3508","3492","FTDNA GSA","null","null","null","GRC215905414","154241","null","LowCov","2021-05-06","null"
"163175","FTDNA","Modern","9606","G1658145","A2z","0.9241","A","3142","3134","FTDNA GxG","Puerto Rico","null","null","GRC182951199","163175","null","LowCov","2009-11-03","null"
"164842","FTDNA","Modern","9606","M3672172","A2z","0.9708","A-T152C!","16567","16567","FTDNA mtFull","null","null","null","null","164842","null","Good","2020-05-11","null"
"165302","FTDNA","Modern","9606","G4538180","A2z","0.9391","null","3508","3498","FTDNA GSA","Spain","null","null","GRC216270899","165302","null","LowCov","2021-10-06","null"
"165832","FTDNA","Modern","9606","M1068970","A2z","0.9637","A-T152C!","16569","16569","FTDNA mtFull","Puerto Rico","null","null","null","165832","null","Good","2014-01-17","null"
"168502","FTDNA","Modern","9606","H2299136","A2z","0.9651","A","1143","1143","FTDNA mtPlus","null","null","null","null","168502","null","LowCov","2010-01-19","null"
"173791","FTDNA","Modern","9606","JQ705380.1","A2z","0.9671","A2z","16569","16569","FTDNA mtFull","null","null","null","null","173791","null","Good","2010-05-12","null"
"1740","FTDNA","Modern","9606","H2979635","A2z","0.9842","A","1144","1144","FTDNA mtPlus","Russian Federation","null","null","null","1740","null","LowCov","2002-01-06","null"
"177120","FTDNA","Modern","9606","H2965584","A2z","1","A","1143","1143","FTDNA mtPlus","Puerto Rico","null","null","null","177120","null","LowCov","2010-06-23","null"
"179620","FTDNA","Modern","9606","H2965584","A2z","1","A","1143","1143","FTDNA mtPlus","Puerto Rico","null","null","null","179620","null","LowCov","2010-06-25","null"
"182608","FTDNA","Modern","9606","M9159579","A2z","0.9726","A2z","16569","16569","FTDNA mtFull","null","null","null","null","182608","null","Good","2011-07-18","null"
"183670","FTDNA","Modern","9606","G8116477","A2z","0.9241","null","3142","3135","FTDNA GxG","Puerto Rico","null","null","GRC171749536","183670","null","LowCov","2021-10-11","null"
"19509","FTDNA","Modern","9606","H2965584","A2z","1","A","1143","1143","FTDNA mtPlus","null","null","null","null","19509","null","LowCov","2004-05-06","null"
"19672","FTDNA","Modern","9606","H2299136","A2z","0.9651","A","1143","1143","FTDNA mtPlus","Puerto Rico","null","null","null","19672","null","LowCov","2005-04-04","null"
"197376","FTDNA","Modern","9606","H2965584","A2z","1","A","1143","1143","FTDNA mtPlus","Puerto Rico","null","null","null","197376","null","LowCov","2011-03-07","null"
"19961","FTDNA","Modern","9606","M9159579","A2z","0.9726","A2z","16569","16569","FTDNA mtFull","Puerto Rico","null","null","null","19961","null","Good","2017-03-12","null"
"200844","FTDNA","Modern","9606","H2952406","A2z","1","A","1144","1144","FTDNA mtPlus","null","null","null","null","200844","null","LowCov","2011-04-18","null"
"201269","FTDNA","Modern","9606","H2952406","A2z","1","A","1144","1144","FTDNA mtPlus","null","null","null","null","201269","null","LowCov","2011-04-29","null"
"202096","FTDNA","Modern","9606","H2572674","A2z","0.9644","A","1143","1143","FTDNA mtPlus","Puerto Rico","null","null","null","202096","null","LowCov","2011-05-12","null"
"209837","FTDNA","Modern","9606","M8068853","A2z","0.9581","A-T152C!","16568","16568","FTDNA mtFull","null","null","null","null","209837","null","Good","2011-08-26","null"
"215227","FTDNA","Modern","9606","H2965584","A2z","1","A","1143","1143","FTDNA mtPlus","null","null","null","null","215227","null","LowCov","2011-11-02","null"
"218938","FTDNA","Modern","9606","H2952406","A2z","1","A","1144","1144","FTDNA mtPlus","Puerto Rico","null","null","null","218938","null","LowCov","2012-03-06","null"
"222659","FTDNA","Modern","9606","M6094964","A2z","0.9581","A-T152C!","16568","16568","FTDNA mtFull","Cuba","null","null","null","222659","null","Good","2012-06-06","null"
"230381","FTDNA","Modern","9606","H2299136","A2z","0.9651","A","1143","1143","FTDNA mtPlus","null","null","null","null","230381","null","LowCov","2012-04-27","null"
"241689","FTDNA","Modern","9606","JQ705380.1","A2z","0.9671","A2z","16569","16569","FTDNA mtFull","Puerto Rico","null","null","null","241689","null","Good","2012-09-14","null"
"243522","FTDNA","Modern","9606","DQ282425.1","A2z","0.9726","A2z","16568","16568","FTDNA mtFull","Puerto Rico","null","null","null","243522","null","Good","2016-02-02","null"
"246041","FTDNA","Modern","9606","M8068853","A2z","0.9581","A-T152C!","16568","16568","FTDNA mtFull","Puerto Rico","null","null","null","246041","null","Good","2012-09-24","null"
"247910","FTDNA","Modern","9606","M5636233","A2z","0.9253","A-T152C!","16568","16568","FTDNA mtFull","Cuba","null","null","null","247910","null","Good","2016-06-08","null"
"251332","FTDNA","Modern","9606","JQ705380.1","A2z","0.9671","A2z","16569","16569","FTDNA mtFull","Puerto Rico","null","null","null","251332","null","Good","2012-10-16","null"
"252535","FTDNA","Modern","9606","H2770463","A2z","0.9314","A","1143","1143","FTDNA mtPlus","Puerto Rico","null","null","null","252535","null","LowCov","2012-10-10","null"
"257350","FTDNA","Modern","9606","JQ705380.1","A2z","0.9671","A2z","16569","16569","FTDNA mtFull","Puerto Rico","null","null","null","257350","null","Good","2013-08-05","null"
"257878","FTDNA","Modern","9606","M6013528","A2z","0.954","A-T152C!","16569","16569","FTDNA mtFull","Puerto Rico","null","null","null","257878","null","Good","2012-11-26","null"
"260904","FTDNA","Modern","9606","M1068970","A2z","0.9637","A-T152C!","16569","16569","FTDNA mtFull","Puerto Rico","null","null","null","260904","null","Good","2013-03-12","null"
"261218","FTDNA","Modern","9606","M8068853","A2z","0.9581","A-T152C!","16568","16568","FTDNA mtFull","Spain","null","null","null","261218","null","Good","2013-03-07","null"
"262670","FTDNA","Modern","9606","H2965584","A2z","1","A","1143","1143","FTDNA mtPlus","Puerto Rico","null","null","null","262670","null","LowCov","2013-03-21","null"
"265972","FTDNA","Modern","9606","M5202118","A2z","0.9581","A-T152C!","16568","16568","FTDNA mtFull","United States","null","null","null","265972","null","Good","2019-04-30","null"
"271723","FTDNA","Modern","9606","H2965584","A2z","1","A","1143","1143","FTDNA mtPlus","United States","null","null","null","271723","null","LowCov","2013-08-29","null"
"272543","FTDNA","Modern","9606","JQ705380.1","A2z","0.9671","A2z","16569","16569","FTDNA mtFull","Puerto Rico","null","null","null","272543","null","Good","2013-05-10","null"
"276800","FTDNA","Modern","9606","M4717135","A2z","0.9581","A4","16568","16567","FTDNA mtFull","Puerto Rico","null","null","null","276800","null","Good","2018-08-22","null"
"27920","FTDNA","Modern","9606","H2272450","A2z","0.9698","A","1143","1143","FTDNA mtPlus","Cuba","null","null","null","27920","null","LowCov","2005-01-15","null"
"281767","FTDNA","Modern","9606","H2965584","A2z","1","A","1143","1143","FTDNA mtPlus","Cuba","null","null","null","281767","null","LowCov","2013-05-22","null"
"282105","FTDNA","Modern","9606","H2965584","A2z","1","A","1143","1143","FTDNA mtPlus","Puerto Rico","null","null","null","282105","null","LowCov","2013-07-18","null"
"284590","FTDNA","Modern","9606","H2965584","A2z","1","A","1143","1143","FTDNA mtPlus","Puerto Rico","null","null","null","284590","null","LowCov","2013-05-21","null"
"285272","FTDNA","Modern","9606","M8068853","A2z","0.9581","A-T152C!","16568","16568","FTDNA mtFull","Puerto Rico","null","null","null","285272","null","Good","2013-06-24","null"
"291051","FTDNA","Modern","9606","JQ705380.1","A2z","0.9671","A2z","16569","16569","FTDNA mtFull","Puerto Rico","null","null","null","291051","null","Good","2013-10-10","null"
"298746","FTDNA","Modern","9606","M7530599","A2z","0.9583","A2z","16568","16568","FTDNA mtFull","Puerto Rico","null","null","null","298746","null","Good","2013-12-10","null"
"305155","FTDNA","Modern","9606","M9159579","A2z","0.9726","A2z","16569","16569","FTDNA mtFull","Puerto Rico","null","null","null","305155","null","Good","2013-12-03","null"
"306022","FTDNA","Modern","9606","H2952406","A2z","1","A","1144","1144","FTDNA mtPlus","Puerto Rico","null","null","null","306022","null","LowCov","2013-10-16","null"
"316785","FTDNA","Modern","9606","M9159579","A2z","0.9726","A2z","16569","16569","FTDNA mtFull","Spain","null","null","null","316785","null","Good","2014-06-02","null"
"32634","FTDNA","Modern","9606","H2965584","A2z","1","A","1143","1143","FTDNA mtPlus","Puerto Rico","null","null","null","32634","null","LowCov","2005-08-19","null"
"326549","FTDNA","Modern","9606","H2952406","A2z","1","A","1144","1144","FTDNA mtPlus","null","null","null","null","326549","null","LowCov","2014-03-18","null"
"332015","FTDNA","Modern","9606","H2952406","A2z","1","A","1144","1144","FTDNA mtPlus","Spain","null","null","null","332015","null","LowCov","2014-04-10","null"
"337197","FTDNA","Modern","9606","H2572674","A2z","0.9644","A","1143","1143","FTDNA mtPlus","Puerto Rico","null","null","null","337197","null","LowCov","2014-05-07","null"
"337938","FTDNA","Modern","9606","H2965584","A2z","1","A","1143","1143","FTDNA mtPlus","Puerto Rico","null","null","null","337938","null","LowCov","2015-07-14","null"
"361081","FTDNA","Modern","9606","H2367217","A2z","0.9651","A","1143","1142","FTDNA mtPlus","Puerto Rico","null","null","null","361081","null","LowCov","2014-09-29","null"
"371757","FTDNA","Modern","9606","M9159579","A2z","0.9726","A2z","16569","16569","FTDNA mtFull","Puerto Rico","null","null","null","371757","null","Good","2015-01-21","null"
"386957","FTDNA","Modern","9606","M9159579","A2z","0.9726","A2z","16569","16569","FTDNA mtFull","France","null","null","null","386957","null","Good","2015-06-10","null"
"390399","FTDNA","Modern","9606","H2299136","A2z","0.9651","A","1143","1143","FTDNA mtPlus","null","null","null","null","390399","null","LowCov","2018-01-30","null"
"396162","FTDNA","Modern","9606","M9159579","A2z","0.9726","A2z","16569","16569","FTDNA mtFull","Puerto Rico","null","null","null","396162","null","Good","2015-04-01","null"
"401597","FTDNA","Modern","9606","M8902378","A2z","0.9726","A2z","16569","16568","FTDNA mtFull","Puerto Rico","null","null","null","401597","null","Good","2015-05-07","null"
"402285","FTDNA","Modern","9606","H2491853","A2z","1","A","1143","1142","FTDNA mtPlus","France","null","null","null","402285","null","LowCov","2015-05-06","null"
"407504","FTDNA","Modern","9606","JQ705380.1","A2z","0.9671","A2z","16569","16569","FTDNA mtFull","null","null","null","null","407504","null","Good","2015-06-05","null"
"408620","FTDNA","Modern","9606","M3335184","A2z","0.9637","A-T152C!","16568","16568","FTDNA mtFull","null","null","null","null","408620","null","Good","2015-06-11","null"
"408926","FTDNA","Modern","9606","M9379690","A2z","0.9671","A2z","16568","16568","FTDNA mtFull","null","null","null","null","408926","null","Good","2018-09-05","null"
"424222","FTDNA","Modern","9606","H2952406","A2z","1","A","1144","1144","FTDNA mtPlus","null","null","null","null","424222","null","LowCov","2018-05-14","null"
"430527","FTDNA","Modern","9606","M9379690","A2z","0.9671","A2z","16568","16568","FTDNA mtFull","null","null","null","null","430527","null","Good","2015-09-08","null"
"435050","FTDNA","Modern","9606","G9622400","A2z","0.9241","null","3142","3129","FTDNA GxG","null","null","null","GRC182065369","435050","null","LowCov","2021-10-11","null"
"43639","FTDNA","Modern","9606","H2272204","A2z","0.9377","A","1143","1143","FTDNA mtPlus","Cuba","null","null","null","43639","null","LowCov","2005-10-30","null"
"445156","FTDNA","Modern","9606","JQ705380.1","A2z","0.9671","A2z","16569","16569","FTDNA mtFull","null","null","null","null","445156","null","Good","2021-02-11","null"
"449592","FTDNA","Modern","9606","M8068853","A2z","0.9581","A-T152C!","16568","16568","FTDNA mtFull","Puerto Rico","null","null","null","449592","null","Good","2015-12-10","null"
"449814","FTDNA","Modern","9606","M4778882","A2z","0.9726","A2z","16569","16569","FTDNA mtFull","Spain","null","null","null","449814","null","Good","2015-12-16","null"
"464312","FTDNA","Modern","9606","G9742597","A2z","0.9241","null","3142","3131","FTDNA GxG","Spain","null","null","GRC16679456","464312","null","LowCov","2021-10-11","null"
"464315","FTDNA","Modern","9606","G7754828","A2z","0.9241","null","3142","3130","FTDNA GxG","null","null","null","GRC16742220","464315","null","LowCov","2021-10-10","null"
"467900","FTDNA","Modern","9606","G6179398","A2z","0.9241","A","3142","3129","FTDNA GxG","null","null","null","GRC16703479","467900","null","LowCov","2016-02-23","null"
"479956","FTDNA","Modern","9606","G7282118","A2z","0.9241","null","3142","3133","FTDNA GxG","Puerto Rico","null","null","GRC16729817","479956","null","LowCov","2021-10-10","null"
"481374","FTDNA","Modern","9606","M9159579","A2z","0.9726","A2z","16569","16569","FTDNA mtFull","Puerto Rico","null","null","null","481374","null","Good","2016-03-29","null"
"484282","FTDNA","Modern","9606","G8405495","A2z","0.9241","A","3142","3129","FTDNA GxG","Puerto Rico","null","null","GRC16747383","484282","null","LowCov","2016-04-12","null"
"484316","FTDNA","Modern","9606","M9159579","A2z","0.9726","null","16569","16569","FTDNA mtFull","null","null","null","GRC16745131","484316","null","LowCov","2021-10-10","null"
"488684","FTDNA","Modern","9606","M6477802","A2z","0.9671","A2z","16569","16569","FTDNA mtFull","Portugal","null","null","null","488684","null","Good","2016-05-13","null"
"48895","FTDNA","Modern","9606","H2245828","A2z","0.9644","A","1144","1144","FTDNA mtPlus","null","null","null","null","48895","null","LowCov","2006-03-14","null"
"489567","FTDNA","Modern","9606","M3335184","A2z","0.9637","A-T152C!","16568","16568","FTDNA mtFull","Puerto Rico","null","null","null","489567","null","Good","2016-06-14","null"
"493843","FTDNA","Modern","9606","G3427085","A2z","0.9241","null","3142","3129","FTDNA GxG","Puerto Rico","null","null","GRC16774138","493843","null","LowCov","2021-10-10","null"
"495141","FTDNA","Modern","9606","G2873363","A2z","0.9241","null","3142","3133","FTDNA GxG","Puerto Rico","null","null","GRC16788774","495141","null","LowCov","2021-10-11","null"
"500931","FTDNA","Modern","9606","G3262064","A2z","0.9241","A","3142","3134","FTDNA GxG","Spain","null","null","GRC16820357","500931","null","LowCov","2016-08-15","null"
"509017","FTDNA","Modern","9606","M9159579","A2z","0.9726","A2z","16569","16569","FTDNA mtFull","null","null","null","null","509017","null","Good","2016-06-28","null"
"510216","FTDNA","Modern","9606","G3532982","A2z","0.9241","null","3142","3133","FTDNA GxG","null","null","null","GRC16810260","510216","null","LowCov","2021-10-10","null"
"515328","FTDNA","Modern","9606","M9159579","A2z","0.9726","A2z","16569","16569","FTDNA mtFull","null","null","null","null","515328","null","Good","2016-09-06","null"
"516714","FTDNA","Modern","9606","G4333485","A2z","0.9241","null","3142","3135","FTDNA GxG","Puerto Rico","null","null","GRC16838001","516714","null","LowCov","2021-10-11","null"
"527779","FTDNA","Modern","9606","M1508892","A2z","0.9671","A2z","16569","16568","FTDNA mtFull","null","null","null","null","527779","null","Good","2016-09-07","null"
"54721","FTDNA","Modern","9606","H2409766","A2z","0.9644","A","1143","1142","FTDNA mtPlus","Puerto Rico","null","null","null","54721","null","LowCov","2006-04-04","null"
"547565","FTDNA","Modern","9606","G4526759","A2z","0.9241","null","3142","3136","FTDNA GxG","null","null","null","GRC16925147","547565","null","LowCov","2021-10-10","null"
"550624","FTDNA","Modern","9606","G1825500","A2z","0.9239","null","3142","3132","FTDNA GxG","null","null","null","GRC16910333","550624","null","LowCov","2021-10-11","null"
"556496","FTDNA","Modern","9606","JQ705380.1","A2z","0.9671","A2z","16569","16569","FTDNA mtFull","Spain","null","null","null","556496","null","Good","2016-11-04","null"
"563533","FTDNA","Modern","9606","G1573522","A2z","0.9241","null","3142","3132","FTDNA GxG","Puerto Rico","null","null","GRC16931801","563533","null","LowCov","2021-10-10","null"
"569143","FTDNA","Modern","9606","JQ705380.1","A2z","0.9671","A2z","16569","16569","FTDNA mtFull","Puerto Rico","null","null","null","569143","null","Good","2016-12-15","null"
"569340","FTDNA","Modern","9606","M9159579","A2z","0.9726","A2z","16569","16569","FTDNA mtFull","null","null","null","null","569340","null","Good","2020-02-06","null"
"574478","FTDNA","Modern","9606","G4877018","A2z","0.9241","null","3142","3128","FTDNA GxG","null","null","null","GRC171114314","574478","null","LowCov","2021-10-10","null"
"576216","FTDNA","Modern","9606","M8486268","A2z","0.9508","A-T152C!","16569","16569","FTDNA mtFull","Cuba","null","null","null","576216","null","Good","2017-02-13","null"
"57725","FTDNA","Modern","9606","H2965584","A2z","1","A","1143","1143","FTDNA mtPlus","Puerto Rico","null","null","null","57725","null","LowCov","2006-05-03","null"
"58131","FTDNA","Modern","9606","H2952406","A2z","1","A","1144","1144","FTDNA mtPlus","null","null","null","null","58131","null","LowCov","2007-09-20","null"
"582072","FTDNA","Modern","9606","M9159579","A2z","0.9726","A2z","16569","16569","FTDNA mtFull","null","null","null","null","582072","null","Good","2017-01-17","null"
"584601","FTDNA","Modern","9606","G5133076","A2z","0.9241","null","3142","3127","FTDNA GxG","Puerto Rico","null","null","GRC17992643","584601","null","LowCov","2021-10-11","null"
"586582","FTDNA","Modern","9606","G2674723","A2z","0.9241","A","3142","3127","FTDNA GxG","null","null","null","GRC171117192","586582","null","LowCov","2017-04-13","null"
"588460","FTDNA","Modern","9606","G4036473","A2z","0.9241","null","3142","3133","FTDNA GxG","Spain","null","null","GRC16972043","588460","null","LowCov","2021-10-11","null"
"590067","FTDNA","Modern","9606","G5134138","A2z","0.9142","null","3142","3125","FTDNA GxG","Puerto Rico","null","null","GRC171114278","590067","null","LowCov","2021-10-10","null"
"593484","FTDNA","Modern","9606","M8735610","A2z","0.9671","A2z","16569","16568","FTDNA mtFull","null","null","null","null","593484","null","Good","2017-02-03","null"
"595232","FTDNA","Modern","9606","G9778315","A2z","0.9241","null","3142","3133","FTDNA GxG","null","null","null","GRC17979137","595232","null","LowCov","2021-10-10","null"
"596645","FTDNA","Modern","9606","H2299136","A2z","0.9651","A","1143","1143","FTDNA mtPlus","null","null","null","null","596645","null","LowCov","2017-01-20","null"
"602499","FTDNA","Modern","9606","G9642061","A2z","0.9164","null","3142","3134","FTDNA GxG","null","null","null","GRC17976046","602499","null","LowCov","2021-10-09","null"
"607963","FTDNA","Modern","9606","G1678417","A2z","0.9241","null","3142","3133","FTDNA GxG","null","null","null","GRC17982512","607963","null","LowCov","2021-10-10","null"
"609311","FTDNA","Modern","9606","G5894530","A2z","0.9241","null","3142","3130","FTDNA GxG","Puerto Rico","null","null","GRC17989189","609311","null","LowCov","2021-10-10","null"
"617460","FTDNA","Modern","9606","G7655290","A2z","0.9155","null","3142","3130","FTDNA GxG","null","null","null","GRC171078925","617460","null","LowCov","2021-10-11","null"
"619413","FTDNA","Modern","9606","G5477562","A2z","0.9241","null","3142","3128","FTDNA GxG","null","null","null","GRC171281617","619413","null","LowCov","2021-10-10","null"
"626266","FTDNA","Modern","9606","JQ705380.1","A2z","0.9671","A2z","16569","16569","FTDNA mtFull","Puerto Rico","null","null","null","626266","null","Good","2017-02-13","null"
"626619","FTDNA","Modern","9606","M9121107","A2z","0.9678","A2z","16569","16569","FTDNA mtFull","null","null","null","null","626619","null","Good","2017-04-10","null"
"626809","FTDNA","Modern","9606","G4327912","A2z","0.9241","null","3142","3130","FTDNA GxG","null","null","null","GRC171070518","626809","null","LowCov","2021-10-09","null"
"628481","FTDNA","Modern","9606","M1068970","A2z","0.9637","A-T152C!","16569","16569","FTDNA mtFull","null","null","null","null","628481","null","Good","2017-04-11","null"
"630423","FTDNA","Modern","9606","G6724013","A2z","0.9241","null","3142","3123","FTDNA GxG","null","null","null","GRC171023794","630423","null","LowCov","2021-10-10","null"
"630664","FTDNA","Modern","9606","G8194092","A2z","0.9164","null","3142","3129","FTDNA GxG","null","null","null","GRC171076607","630664","null","LowCov","2021-10-11","null"
"634144","FTDNA","Modern","9606","M3885418","A2z","0.9563","A2z","16569","16569","FTDNA mtFull","null","null","null","null","634144","null","Good","2017-02-22","null"
"635292","FTDNA","Modern","9606","M9159579","A2z","0.9726","A2z","16569","16569","FTDNA mtFull","null","null","null","null","635292","null","Good","2017-02-27","null"
"639816","FTDNA","Modern","9606","G2865307","A2z","0.9241","null","3142","3127","FTDNA GxG","null","null","null","GRC171082379","639816","null","LowCov","2021-10-10","null"
"643007","FTDNA","Modern","9606","G3631445","A2z","0.9241","null","3142","3131","FTDNA GxG","null","null","null","GRC171101422","643007","null","LowCov","2021-10-10","null"
"645288","FTDNA","Modern","9606","G5342900","A2z","0.914","null","3142","3123","FTDNA GxG","null","null","null","GRC171113411","645288","null","LowCov","2021-10-11","null"
"647755","FTDNA","Modern","9606","G7558445","A2z","0.9241","null","3142","3128","FTDNA GxG","Puerto Rico","null","null","GRC171133670","647755","null","LowCov","2021-10-10","null"
"648281","FTDNA","Modern","9606","G2291868","A2z","0.9241","null","3142","3125","FTDNA GxG","null","null","null","GRC171124197","648281","null","LowCov","2021-10-10","null"
"650342","FTDNA","Modern","9606","DQ282425.1","A2z","0.9726","A2z","16568","16568","FTDNA mtFull","null","null","null","null","650342","null","Good","2017-05-11","null"
"652586","FTDNA","Modern","9606","H2245828","A2z","0.9644","A","1144","1144","FTDNA mtPlus","null","null","null","null","652586","null","LowCov","2017-04-26","null"
"653275","FTDNA","Modern","9606","M3776442","A2z","0.9575","A2z","16569","16569","FTDNA mtFull","Spain","null","null","null","653275","null","Good","2017-06-06","null"
"65579","FTDNA","Modern","9606","H2299136","A2z","0.9651","A","1143","1143","FTDNA mtPlus","Puerto Rico","null","null","null","65579","null","LowCov","2006-07-25","null"
"667219","FTDNA","Modern","9606","G9402890","A2z","0.9241","null","3142","3132","FTDNA GxG","Spain","null","null","GRC171204295","667219","null","LowCov","2021-10-10","null"
"667395","FTDNA","Modern","9606","G5030210","A2z","0.9241","null","3142","3134","FTDNA GxG","Puerto Rico","null","null","GRC171229400","667395","null","LowCov","2021-10-11","null"
"667400","FTDNA","Modern","9606","G1910859","A2z","0.9241","null","3142","3135","FTDNA GxG","Puerto Rico","null","null","GRC182378140","667400","null","LowCov","2021-10-11","null"
"669289","FTDNA","Modern","9606","G6647839","A2z","0.9241","null","3142","3130","FTDNA GxG","null","null","null","GRC171370113","669289","null","LowCov","2021-10-11","null"
"671843","FTDNA","Modern","9606","M3335184","A2z","0.9637","A-T152C!","16568","16568","FTDNA mtFull","Puerto Rico","null","null","null","671843","null","Good","2017-07-26","null"
"675619","FTDNA","Modern","9606","G6719156","A2z","0.9241","null","3142","3135","FTDNA GxG","null","null","null","GRC171241208","675619","null","LowCov","2021-10-10","null"
"675898","FTDNA","Modern","9606","DQ282425.1","A2z","0.9726","A2z","16568","16568","FTDNA mtFull","Puerto Rico","null","null","null","675898","null","Good","2017-07-25","null"
"677611","FTDNA","Modern","9606","G1129872","A2z","0.9241","null","3142","3132","FTDNA GxG","null","null","null","GRC171251612","677611","null","LowCov","2021-10-10","null"
"68250","FTDNA","Modern","9606","H2952406","A2z","1","A","1144","1144","FTDNA mtPlus","Puerto Rico","null","null","null","68250","null","LowCov","2008-05-01","null"
"685486","FTDNA","Modern","9606","G4326361","A2z","0.9241","null","3142","3130","FTDNA GxG","null","null","null","GRC171358879","685486","null","LowCov","2021-10-10","null"
"685614","FTDNA","Modern","9606","G7237420","A2z","0.9239","null","3142","3126","FTDNA GxG","null","null","null","GRC171416536","685614","null","LowCov","2021-10-11","null"
"687804","FTDNA","Modern","9606","G6181735","A2z","0.9241","null","3142","3130","FTDNA GxG","null","null","null","GRC181901966","687804","null","LowCov","2021-10-10","null"
"688129","FTDNA","Modern","9606","G1436724","A2z","0.9241","null","3142","3134","FTDNA GxG","Puerto Rico","null","null","GRC171252807","688129","null","LowCov","2021-10-09","null"
"688903","FTDNA","Modern","9606","G8097852","A2z","0.9351","null","3142","3133","FTDNA GxG","null","null","null","GRC171279589","688903","null","LowCov","2021-10-10","null"
"690485","FTDNA","Modern","9606","G7223862","A2z","0.9241","null","3142","3129","FTDNA GxG","Puerto Rico","null","null","GRC171278291","690485","null","LowCov","2021-10-11","null"
"690773","FTDNA","Modern","9606","G2043367","A2z","0.9351","null","3142","3129","FTDNA GxG","null","null","null","GRC171316057","690773","null","LowCov","2021-10-11","null"
"692407","FTDNA","Modern","9606","G1589688","A2z","0.9241","null","3142","3130","FTDNA GxG","null","null","null","GRC171256723","692407","null","LowCov","2021-10-11","null"
"696039","FTDNA","Modern","9606","G7010806","A2z","0.9241","null","3142","3133","FTDNA GxG","null","null","null","GRC171257407","696039","null","LowCov","2021-10-11","null"
"696334","FTDNA","Modern","9606","G2016238","A2z","0.9241","null","3142","3133","FTDNA GxG","null","null","null","GRC171325503","696334","null","LowCov","2021-10-10","null"
"698826","FTDNA","Modern","9606","G7786078","A2z","0.9241","null","3142","3132","FTDNA GxG","null","null","null","GRC171285027","698826","null","LowCov","2021-10-10","null"
"702037","FTDNA","Modern","9606","G9534503","A2z","0.9241","null","3142","3128","FTDNA GxG","null","null","null","GRC171377990","702037","null","LowCov","2021-10-11","null"
"705060","FTDNA","Modern","9606","G5391341","A2z","0.9241","null","3142","3132","FTDNA GxG","Puerto Rico","null","null","GRC171292491","705060","null","LowCov","2021-10-10","null"
"706166","FTDNA","Modern","9606","G7793215","A2z","0.9164","null","3142","3135","FTDNA GxG","Puerto Rico","null","null","GRC182859069","706166","null","LowCov","2021-10-10","null"
"709826","FTDNA","Modern","9606","G9607282","A2z","0.9241","null","3142","3127","FTDNA GxG","null","null","null","GRC171315866","709826","null","LowCov","2021-10-11","null"
"713098","FTDNA","Modern","9606","G4796793","A2z","0.9241","null","3142","3129","FTDNA GxG","null","null","null","GRC171370126","713098","null","LowCov","2021-10-11","null"
"713704","FTDNA","Modern","9606","G8082757","A2z","0.9241","null","3142","3133","FTDNA GxG","null","null","null","GRC171337228","713704","null","LowCov","2021-10-11","null"
"714675","FTDNA","Modern","9606","G3094165","A2z","0.9241","null","3142","3130","FTDNA GxG","null","null","null","GRC171342388","714675","null","LowCov","2021-10-10","null"
"715643","FTDNA","Modern","9606","G9245804","A2z","0.9241","null","3142","3130","FTDNA GxG","null","null","null","GRC171334175","715643","null","LowCov","2021-10-10","null"
"717649","FTDNA","Modern","9606","G9050956","A2z","0.9241","null","3142","3129","FTDNA GxG","null","null","null","GRC171346889","717649","null","LowCov","2021-10-11","null"
"719316","FTDNA","Modern","9606","G6298396","A2z","0.9241","null","3142","3132","FTDNA GxG","Puerto Rico","null","null","GRC171350931","719316","null","LowCov","2021-10-10","null"
"720264","FTDNA","Modern","9606","G9950780","A2z","0.9241","null","3142","3127","FTDNA GxG","null","null","null","GRC171351516","720264","null","LowCov","2021-10-11","null"
"725050","FTDNA","Modern","9606","G4622515","A2z","0.9241","null","3142","3132","FTDNA GxG","null","null","null","GRC171388807","725050","null","LowCov","2021-10-11","null"
"727825","FTDNA","Modern","9606","G2804436","A2z","0.9241","null","3142","3132","FTDNA GxG","null","null","null","GRC171412465","727825","null","LowCov","2021-10-10","null"
"729161","FTDNA","Modern","9606","G7786078","A2z","0.9241","null","3142","3132","FTDNA GxG","null","null","null","GRC171388708","729161","null","LowCov","2021-10-10","null"
"729231","FTDNA","Modern","9606","G6994565","A2z","0.9241","null","3142","3130","FTDNA GxG","null","null","null","GRC171492905","729231","null","LowCov","2021-10-10","null"
"733124","FTDNA","Modern","9606","G5797805","A2z","0.9241","null","3142","3130","FTDNA GxG","Puerto Rico","null","null","GRC171412479","733124","null","LowCov","2021-10-10","null"
"736229","FTDNA","Modern","9606","G8993028","A2z","0.9241","null","3142","3131","FTDNA GxG","null","null","null","GRC171431348","736229","null","LowCov","2021-10-10","null"
"737856","FTDNA","Modern","9606","G3281335","A2z","0.9241","null","3142","3130","FTDNA GxG","Puerto Rico","null","null","GRC171442971","737856","null","LowCov","2021-10-10","null"
"738553","FTDNA","Modern","9606","G6740364","A2z","0.9241","null","3142","3132","FTDNA GxG","null","null","null","GRC171441572","738553","null","LowCov","2021-10-10","null"
"739131","FTDNA","Modern","9606","G9847893","A2z","0.9241","null","3142","3130","FTDNA GxG","null","null","null","GRC171452406","739131","null","LowCov","2021-10-10","null"
"739181","FTDNA","Modern","9606","G2572992","A2z","0.9241","null","3142","3129","FTDNA GxG","null","null","null","GRC182239066","739181","null","LowCov","2021-10-10","null"
"745408","FTDNA","Modern","9606","G8587016","A2z","0.9241","null","3142","3129","FTDNA GxG","null","null","null","GRC171460320","745408","null","LowCov","2021-10-11","null"
"751476","FTDNA","Modern","9606","G1097063","A2z","0.9241","null","3142","3133","FTDNA GxG","null","null","null","GRC171511662","751476","null","LowCov","2021-10-09","null"
"752299","FTDNA","Modern","9606","G8449650","A2z","0.9241","null","3142","3131","FTDNA GxG","null","null","null","GRC171511333","752299","null","LowCov","2021-10-11","null"
"753109","FTDNA","Modern","9606","G7716732","A2z","0.9241","null","3142","3126","FTDNA GxG","null","null","null","GRC171552004","753109","null","LowCov","2021-10-10","null"
"753173","FTDNA","Modern","9606","M9159579","A2z","0.9726","A2z","16569","16569","FTDNA mtFull","null","null","null","null","753173","null","Good","2017-12-05","null"
"754887","FTDNA","Modern","9606","JQ705380.1","A2z","0.9671","A2z","16569","16569","FTDNA mtFull","null","null","null","null","754887","null","Good","2017-11-15","null"
"759492","FTDNA","Modern","9606","G8078245","A2z","0.9241","null","3142","3131","FTDNA GxG","null","null","null","GRC171615909","759492","null","LowCov","2021-10-10","null"
"774224","FTDNA","Modern","9606","G2237985","A2z","0.9241","null","3142","3135","FTDNA GxG","null","null","null","GRC171651106","774224","null","LowCov","2021-10-11","null"
"777568","FTDNA","Modern","9606","G1847163","A2z","0.9241","null","3142","3129","FTDNA GxG","null","null","null","GRC171657543","777568","null","LowCov","2021-10-10","null"
"778763","FTDNA","Modern","9606","G1591580","A2z","0.9241","null","3142","3132","FTDNA GxG","Saint Kitts and Nevis","null","null","GRC171659827","778763","null","LowCov","2021-10-11","null"
"779702","FTDNA","Modern","9606","G3140593","A2z","0.9239","null","3142","3132","FTDNA GxG","null","null","null","GRC171676457","779702","null","LowCov","2021-10-10","null"
"780233","FTDNA","Modern","9606","G9598526","A2z","0.9241","null","3142","3133","FTDNA GxG","null","null","null","GRC171659871","780233","null","LowCov","2021-10-10","null"
"780615","FTDNA","Modern","9606","G2496875","A2z","0.9225","null","3142","3138","FTDNA GxG","null","null","null","GRC181847682","780615","null","LowCov","2021-10-10","null"
"781722","FTDNA","Modern","9606","G9807142","A2z","0.9241","null","3142","3130","FTDNA GxG","null","null","null","GRC171701141","781722","null","LowCov","2021-10-11","null"
"785086","FTDNA","Modern","9606","G8625162","A2z","0.9241","null","3142","3132","FTDNA GxG","null","null","null","GRC171695454","785086","null","LowCov","2021-10-09","null"
"786678","FTDNA","Modern","9606","G3883222","A2z","0.9241","null","3142","3131","FTDNA GxG","null","null","null","GRC171713576","786678","null","LowCov","2021-10-10","null"
"788229","FTDNA","Modern","9606","M8068853","A2z","0.9581","A-T152C!","16568","16568","FTDNA mtFull","null","null","null","null","788229","null","Good","2018-01-02","null"
"789256","FTDNA","Modern","9606","G3114267","A2z","0.9155","null","3142","3129","FTDNA GxG","null","null","null","GRC171785212","789256","null","LowCov","2021-10-11","null"
"789493","FTDNA","Modern","9606","G6617096","A2z","0.9241","null","3142","3129","FTDNA GxG","null","null","null","GRC181873336","789493","null","LowCov","2021-10-10","null"
"794037","FTDNA","Modern","9606","M9159579","A2z","0.9726","A2z","16569","16569","FTDNA mtFull","Puerto Rico","null","null","null","794037","null","Good","2018-01-12","null"
"794607","FTDNA","Modern","9606","G9004223","A2z","0.9241","null","3142","3136","FTDNA GxG","Puerto Rico","null","null","GRC181848104","794607","null","LowCov","2021-10-10","null"
"796061","FTDNA","Modern","9606","G1285992","A2z","0.9241","null","3142","3131","FTDNA GxG","null","null","null","GRC181962391","796061","null","LowCov","2021-10-11","null"
"797028","FTDNA","Modern","9606","M9159579","A2z","0.9726","A2z","16569","16569","FTDNA mtFull","null","null","null","null","797028","null","Good","2018-02-19","null"
"797288","FTDNA","Modern","9606","G3039490","A2z","0.9241","null","3142","3136","FTDNA GxG","null","null","null","GRC171750827","797288","null","LowCov","2021-10-10","null"
"798369","FTDNA","Modern","9606","G1087314","A2z","0.9135","null","3142","3127","FTDNA GxG","null","null","null","GRC182014380","798369","null","LowCov","2021-10-10","null"
"815560","FTDNA","Modern","9606","G9214054","A2z","0.9155","null","3142","3134","FTDNA GxG","Puerto Rico","null","null","GRC182352747","815560","null","LowCov","2021-10-11","null"
"816782","FTDNA","Modern","9606","G2695390","A2z","0.9241","null","3142","3137","FTDNA GxG","null","null","null","GRC181895278","816782","null","LowCov","2021-10-11","null"
"818176","FTDNA","Modern","9606","M3335184","A2z","0.9637","null","16568","16568","FTDNA mtFull","null","null","null","GRC182964506","818176","null","LowCov","2021-10-09","null"
"819320","FTDNA","Modern","9606","M1068970","A2z","0.9637","A-T152C!","16569","16569","FTDNA mtFull","null","null","null","null","819320","null","Good","2018-03-29","null"
"822189","FTDNA","Modern","9606","G5442337","A2z","0.9241","null","3142","3132","FTDNA GxG","null","null","null","GRC182438259","822189","null","LowCov","2021-10-10","null"
"822331","FTDNA","Modern","9606","G5836750","A2z","0.9241","null","3142","3130","FTDNA GxG","Puerto Rico","null","null","GRC181962554","822331","null","LowCov","2021-10-10","null"
"822355","FTDNA","Modern","9606","G3786908","A2z","0.9241","null","3142","3138","FTDNA GxG","null","null","null","GRC182093529","822355","null","LowCov","2021-10-10","null"
"822939","FTDNA","Modern","9606","M9159579","A2z","0.9726","A2z","16569","16569","FTDNA mtFull","Puerto Rico","null","null","null","822939","null","Good","2018-03-22","null"
"825392","FTDNA","Modern","9606","G6483060","A2z","0.9241","null","3142","3125","FTDNA GxG","null","null","null","GRC182021972","825392","null","LowCov","2021-10-10","null"
"827780","FTDNA","Modern","9606","G6787746","A2z","0.9241","null","3142","3130","FTDNA GxG","null","null","null","GRC182121800","827780","null","LowCov","2021-10-09","null"
"829271","FTDNA","Modern","9606","G8119865","A2z","0.9241","null","3142","3129","FTDNA GxG","null","null","null","GRC182099687","829271","null","LowCov","2021-10-10","null"
"830587","FTDNA","Modern","9606","G4713837","A2z","0.9241","null","3142","3131","FTDNA GxG","null","null","null","GRC182239528","830587","null","LowCov","2021-10-11","null"
"830762","FTDNA","Modern","9606","G9782108","A2z","0.9241","null","3142","3129","FTDNA GxG","null","null","null","GRC182166348","830762","null","LowCov","2021-10-11","null"
"831793","FTDNA","Modern","9606","M9899300","A2z","0.9637","A-T152C!","16568","16567","FTDNA mtFull","null","null","null","null","831793","null","Good","2018-06-13","null"
"840115","FTDNA","Modern","9606","G3206185","A2z","0.9141","null","3142","3133","FTDNA GxG","null","null","null","GRC182286146","840115","null","LowCov","2021-10-11","null"
"841701","FTDNA","Modern","9606","G6109318","A2z","0.9142","null","3142","3138","FTDNA GxG","null","null","null","GRC182326776","841701","null","LowCov","2021-10-10","null"
"841859","FTDNA","Modern","9606","G5557929","A2z","0.9241","null","3142","3138","FTDNA GxG","null","null","null","GRC182372987","841859","null","LowCov","2021-10-10","null"
"84480","FTDNA","Modern","9606","M5523805","A2z","0.9726","A2z","16569","16568","FTDNA mtFull","Puerto Rico","null","null","null","84480","null","Good","2018-02-09","null"
"845409","FTDNA","Modern","9606","G1429187","A2z","0.9222","null","3142","3129","FTDNA GxG","Puerto Rico","null","null","GRC182468306","845409","null","LowCov","2021-10-11","null"
"846508","FTDNA","Modern","9606","G7295019","A2z","0.9241","null","3142","3135","FTDNA GxG","null","null","null","GRC182413243","846508","null","LowCov","2021-10-10","null"
"847481","FTDNA","Modern","9606","M5202118","A2z","0.9581","A-T152C!","16568","16568","FTDNA mtFull","Puerto Rico","null","null","null","847481","null","Good","2018-06-08","null"
"854418","FTDNA","Modern","9606","M3335184","A2z","0.9637","A-T152C!","16568","16568","FTDNA mtFull","Spain","null","null","null","854418","null","Good","2018-07-16","null"
"854625","FTDNA","Modern","9606","G3526714","A2z","0.9241","null","3142","3135","FTDNA GxG","Puerto Rico","null","null","GRC182468049","854625","null","LowCov","2021-10-11","null"
"854728","FTDNA","Modern","9606","G8655898","A2z","0.9241","null","3142","3133","FTDNA GxG","Puerto Rico","null","null","GRC182474123","854728","null","LowCov","2021-10-11","null"
"855502","FTDNA","Modern","9606","G2514299","A2z","0.9241","null","3142","3134","FTDNA GxG","null","null","null","GRC182597112","855502","null","LowCov","2021-10-11","null"
"855949","FTDNA","Modern","9606","G2391411","A2z","0.9241","null","3142","3129","FTDNA GxG","null","null","null","GRC182515012","855949","null","LowCov","2021-10-10","null"
"856826","FTDNA","Modern","9606","M9159579","A2z","0.9726","A2z","16569","16569","FTDNA mtFull","null","null","null","null","856826","null","Good","2018-08-06","null"
"857180","FTDNA","Modern","9606","DQ282425.1","A2z","0.9726","A2z","16568","16568","FTDNA mtFull","null","null","null","null","857180","null","Good","2018-07-18","null"
"861998","FTDNA","Modern","9606","G2679743","A2z","0.9155","null","3142","3132","FTDNA GxG","null","null","null","GRC182722235","861998","null","LowCov","2021-10-10","null"
"863585","FTDNA","Modern","9606","G7982332","A2z","0.9241","null","3142","3131","FTDNA GxG","null","null","null","GRC182669396","863585","null","LowCov","2021-10-11","null"
"867681","FTDNA","Modern","9606","M4550029","A2z","0.9575","A2z","16569","16569","FTDNA mtFull","null","null","null","null","867681","null","Good","2018-10-08","null"
"867948","FTDNA","Modern","9606","G9672458","A2z","0.9241","null","3142","3134","FTDNA GxG","Puerto Rico","null","null","GRC182722358","867948","null","LowCov","2021-10-10","null"
"868604","FTDNA","Modern","9606","M9922734","A2z","0.9676","A2z","16569","16569","FTDNA mtFull","null","null","null","null","868604","null","Good","2018-09-27","null"
"873185","FTDNA","Modern","9606","JQ705380.1","A2z","0.9671","A2z","16569","16569","FTDNA mtFull","Puerto Rico","null","null","null","873185","null","Good","2019-04-19","null"
"873266","FTDNA","Modern","9606","G6774450","A2z","0.9241","null","3142","3132","FTDNA GxG","Puerto Rico","null","null","GRC182871261","873266","null","LowCov","2021-10-10","null"
"873918","FTDNA","Modern","9606","M3335184","A2z","0.9637","A-T152C!","16568","16568","FTDNA mtFull","Puerto Rico","null","null","null","873918","null","Good","2018-11-27","null"
"876708","FTDNA","Modern","9606","G6228744","A2z","0.9241","null","3142","3133","FTDNA GxG","null","null","null","GRC182976457","876708","null","LowCov","2021-10-10","null"
"877362","FTDNA","Modern","9606","M2552179","A2z","1","null","16569","16568","FTDNA mtFull","null","null","null","GRC183001522","877362","null","LowCov","2021-10-10","null"
"879737","FTDNA","Modern","9606","G2960705","A2z","0.9315","null","3508","3478","FTDNA GSA","null","null","null","GRC193627648","879737","null","LowCov","2021-10-10","null"
"882801","FTDNA","Modern","9606","G9184130","A2z","0.9241","null","3142","3135","FTDNA GxG","Puerto Rico","null","null","GRC193146867","882801","null","LowCov","2021-10-11","null"
"885577","FTDNA","Modern","9606","G2503979","A2z","0.9391","null","3508","3494","FTDNA GSA","null","null","null","GRC194133533","885577","null","LowCov","2021-10-11","null"
"889547","FTDNA","Modern","9606","G1529131","A2z","0.9362","null","3508","3442","FTDNA GSA","null","null","null","GRC193380155","889547","null","LowCov","2021-10-11","null"
"897100","FTDNA","Modern","9606","G2164366","A2z","0.9488","null","3508","3476","FTDNA GSA","null","null","null","GRC193461956","897100","null","LowCov","2021-10-11","null"
"897118","FTDNA","Modern","9606","G7359231","A2z","0.9499","null","3508","3481","FTDNA GSA","null","null","null","GRC193436876","897118","null","LowCov","2021-10-10","null"
"897193","FTDNA","Modern","9606","G8547804","A2z","0.9492","null","3508","3471","FTDNA GSA","null","null","null","GRC193365816","897193","null","LowCov","2021-10-09","null"
"898882","FTDNA","Modern","9606","G6553199","A2z","0.9488","null","3508","3476","FTDNA GSA","null","null","null","GRC193435769","898882","null","LowCov","2021-10-11","null"
"902035","FTDNA","Modern","9606","M9159579","A2z","0.9726","A2z","16569","16569","FTDNA mtFull","null","null","null","null","902035","null","Good","2019-08-01","null"
"90285","FTDNA","Modern","9606","H2245828","A2z","0.9644","A","1144","1144","FTDNA mtPlus","Puerto Rico","null","null","null","90285","null","LowCov","2007-08-28","null"
"910152","FTDNA","Modern","9606","G3700914","A2z","0.9391","null","3508","3498","FTDNA GSA","Ireland","null","null","GRC193956413","910152","null","LowCov","2021-10-10","null"
"913579","FTDNA","Modern","9606","M8767662","A2z","0.9561","A-T152C!","16568","16568","FTDNA mtFull","Puerto Rico","null","null","null","913579","null","Good","2019-09-07","null"
"916293","FTDNA","Modern","9606","M8068853","A2z","0.9581","A-T152C!","16568","16568","FTDNA mtFull","null","null","null","null","916293","null","Good","2019-10-04","null"
"917950","FTDNA","Modern","9606","G8144182","A2z","0.9335","null","3508","3489","FTDNA GSA","null","null","null","GRC194145762","917950","null","LowCov","2021-10-10","null"
"921832","FTDNA","Modern","9606","G8362909","A2z","0.9368","null","3508","3490","FTDNA GSA","null","null","null","GRC194266631","921832","null","LowCov","2021-10-10","null"
"924886","FTDNA","Modern","9606","G4699475","A2z","0.9436","null","3508","3496","FTDNA GSA","null","null","null","GRC204445184","924886","null","LowCov","2021-10-11","null"
"925067","FTDNA","Modern","9606","G9896243","A2z","0.938","null","3508","3493","FTDNA GSA","null","null","null","GRC204338852","925067","null","LowCov","2021-10-10","null"
"92640","FTDNA","Modern","9606","H2299136","A2z","0.9651","A","1143","1143","FTDNA mtPlus","Puerto Rico","null","null","null","92640","null","LowCov","2007-06-19","null"
"933523","FTDNA","Modern","9606","G8856690","A2z","0.938","null","3508","3497","FTDNA GSA","null","null","null","GRC204959239","933523","null","LowCov","2021-10-10","null"
"936442","FTDNA","Modern","9606","M9159579","A2z","0.9726","A2z","16569","16569","FTDNA mtFull","null","null","null","null","936442","null","Good","2020-07-28","null"
"940047","FTDNA","Modern","9606","G5139635","A2z","0.9294","null","3508","3493","FTDNA GSA","null","null","null","GRC205133606","940047","null","LowCov","2021-10-10","null"
"941114","FTDNA","Modern","9606","G3700914","A2z","0.9391","null","3508","3498","FTDNA GSA","null","null","null","GRC205161655","941114","null","LowCov","2021-10-11","null"
"94116","FTDNA","Modern","9606","H2952406","A2z","1","A","1144","1144","FTDNA mtPlus","null","null","null","null","94116","null","LowCov","2007-08-08","null"
"941165","FTDNA","Modern","9606","JQ705380.1","A2z","0.9671","A2z","16569","16569","FTDNA mtFull","null","null","null","null","941165","null","Good","2020-10-22","null"
"941381","FTDNA","Modern","9606","M2673840","A2z","0.9494","A-T152C!","16568","16568","FTDNA mtFull","null","null","null","null","941381","null","Good","2020-11-13","null"
"946235","FTDNA","Modern","9606","JQ705380.1","A2z","0.9671","A2z","16569","16569","FTDNA mtFull","null","null","null","null","946235","null","Good","2021-01-25","null"
"950927","FTDNA","Modern","9606","G1317699","A2z","0.9372","null","3508","3496","FTDNA GSA","null","null","null","GRC215791658","950927","null","LowCov","2021-03-24","null"
"953403","FTDNA","Modern","9606","G4867782","A2z","0.938","null","3508","3490","FTDNA GSA","null","null","null","GRC216009186","953403","null","LowCov","2021-06-03","null"
"954841","FTDNA","Modern","9606","M9159579","A2z","0.9726","A2z","16569","16569","FTDNA mtFull","null","null","null","null","954841","null","Good","2021-08-27","null"
"957065","FTDNA","Modern","9606","G2768827","A2z","0.9391","null","3508","3496","FTDNA GSA","null","null","null","GRC216003654","957065","null","LowCov","2021-06-03","null"
"957141","FTDNA","Modern","9606","M3825663","A2z","0.9637","A-T152C!","16569","16568","FTDNA mtFull","null","null","null","null","957141","null","Good","2021-06-18","null"
"958439","FTDNA","Modern","9606","G7833209","A2z","0.9378","null","3508","3494","FTDNA GSA","null","null","null","GRC216063677","958439","null","LowCov","2021-06-18","null"
"958440","FTDNA","Modern","9606","G2446247","A2z","0.9383","null","3508","3489","FTDNA GSA","null","null","null","GRC216063678","958440","null","LowCov","2021-06-18","null"
"958598","FTDNA","Modern","9606","G4954701","A2z","0.9378","null","3508","3397","FTDNA GSA","null","null","null","GRC216063680","958598","null","LowCov","2021-06-18","null"
"960566","FTDNA","Modern","9606","G2209933","A2z","0.9359","null","3508","3480","FTDNA GSA","null","null","null","GRC216155014","960566","null","LowCov","2021-07-23","null"
"963236","FTDNA","Modern","9606","G3492268","A2z","0.9391","null","3508","3497","FTDNA GSA","null","null","null","GRC216252467","963236","null","LowCov","2021-09-05","null"
"963344","FTDNA","Modern","9606","G5216696","A2z","0.9391","null","3508","3493","FTDNA GSA","null","null","null","GRC216250622","963344","null","LowCov","2021-09-01","null"
"963591","FTDNA","Modern","9606","M1779597","A2z","0.9896","A-T152C!","16568","16567","FTDNA mtFull","null","null","null","null","963591","null","Good","2021-09-30","null"
"968292","FTDNA","Modern","null","M1068970","A2z","0.9637","null","16569","16569","FTDNA mtFull","null","null","null","null","968292","null","Good","2023-05-09","null"
"969328","FTDNA","Modern","null","JQ705380.1","A2z","0.9671","null","16569","16569","FTDNA mtFull","null","null","null","null","969328","null","Good","2023-05-10","null"
"971085","FTDNA","Modern","null","M9159579","A2z","0.9726","null","16569","16569","FTDNA mtFull","null","null","null","null","971085","null","Good","2023-05-09","null"
"971444","FTDNA","Modern","null","M9159579","A2z","0.9726","null","16569","16569","FTDNA mtFull","null","null","null","null","971444","null","Good","2023-05-09","null"
"980015","FTDNA","Modern","null","M8253777","A2z","0.9908","null","16568","16567","FTDNA mtFull","null","null","null","null","980015","null","Good","2023-05-09","null"
"980169","FTDNA","Modern","null","M2552179","A2z","1","null","16569","16568","FTDNA mtFull","null","null","null","null","980169","null","Good","2023-05-09","null"
"989420","FTDNA","Modern","null","JQ705380.1","A2z","0.9671","null","16569","16569","FTDNA mtFull","null","null","null","null","989420","null","Good","2023-05-10","null"
"990115","FTDNA","Modern","null","M8068853","A2z","0.9581","null","16568","16568","FTDNA mtFull","null","null","null","null","990115","null","Good","2023-05-09","null"
"991407","FTDNA","Modern","null","JQ705380.1","A2z","0.9671","null","16569","16569","FTDNA mtFull","null","null","null","null","991407","null","Good","2023-05-09","null"
"995486","FTDNA","Modern","null","M9159579","A2z","0.9726","null","16569","16569","FTDNA mtFull","null","null","null","null","995486","null","Good","2023-05-10","null"
"998920","FTDNA","Modern","null","M4188657","A2z","0.9582","null","16569","16569","FTDNA mtFull","null","null","null","null","998920","null","Good","2023-12-15","null"
"AM12055","FTDNA","Modern","9606","M9159579","A2z","0.9726","A2z","16569","16569","FTDNA mtFull","null","null","null","null","AM12055","null","Good","2017-08-17","null"
"AM14304","FTDNA","Modern","9606","G4670108","A2z","0.9241","null","3142","3130","FTDNA GxG","null","null","null","GRC182015515","AM14304","null","LowCov","2021-10-11","null"
"AM19455","FTDNA","Modern","9606","M9379690","A2z","0.9671","A2z","16568","16568","FTDNA mtFull","Puerto Rico","null","null","null","AM19455","null","Good","2019-05-14","null"
"AM22431","FTDNA","Modern","9606","G2717183","A2z","0.9241","null","3142","3136","FTDNA GxG","null","null","null","GRC182541258","AM22431","null","LowCov","2021-10-11","null"
"AM22515","FTDNA","Modern","9606","G4233834","A2z","0.9206","null","3142","3133","FTDNA GxG","null","null","null","GRC182467655","AM22515","null","LowCov","2021-10-10","null"
"AM22807","FTDNA","Modern","9606","M3335184","A2z","0.9637","null","16568","16568","FTDNA mtFull","Puerto Rico","null","null","GRC182667447","AM22807","null","LowCov","2021-10-11","null"
"AM29516","FTDNA","Modern","9606","G2940410","A2z","0.9375","null","3508","3475","FTDNA GSA","null","null","null","GRC193646308","AM29516","null","LowCov","2021-10-10","null"
"AM31144","FTDNA","Modern","9606","G1809079","A2z","0.9375","null","3508","3474","FTDNA GSA","null","null","null","GRC193830551","AM31144","null","LowCov","2021-10-11","null"
"AM33982","FTDNA","Modern","9606","G6507740","A2z","0.9378","null","3508","3496","FTDNA GSA","null","null","null","GRC194004197","AM33982","null","LowCov","2021-10-11","null"
"AM35575","FTDNA","Modern","9606","G7457234","A2z","0.9349","null","3508","3490","FTDNA GSA","null","null","null","GRC204338261","AM35575","null","LowCov","2021-10-11","null"
"AM38389","FTDNA","Modern","9606","G9730931","A2z","0.938","null","3508","3496","FTDNA GSA","null","null","null","GRC215986815","AM38389","null","LowCov","2021-05-20","null"
"AM39167","FTDNA","Modern","9606","G4488222","A2z","0.938","null","3508","3494","FTDNA GSA","null","null","null","GRC216073952","AM39167","null","LowCov","2021-06-23","null"
"AM39169","FTDNA","Modern","9606","G4057300","A2z","0.938","null","3508","3492","FTDNA GSA","null","null","null","GRC216009357","AM39169","null","LowCov","2021-06-03","null"
"AM52455","FTDNA","Modern","null","M8068853","A2z","0.9581","null","16568","16568","FTDNA mtFull","null","null","null","null","AM52455","null","Good","2023-12-15","null"
"B100594","FTDNA","Modern","9606","H2952406","A2z","1","A","1144","1144","FTDNA mtPlus","Puerto Rico","null","null","null","B100594","null","LowCov","2016-06-10","null"
"B119133","FTDNA","Modern","9606","H2965584","A2z","1","A","1143","1143","FTDNA mtPlus","Puerto Rico","null","null","null","B119133","null","LowCov","2018-12-17","null"
"B120913","FTDNA","Modern","9606","H2299136","A2z","0.9651","A","1143","1143","FTDNA mtPlus","null","null","null","null","B120913","null","LowCov","2017-10-27","null"
"B219673","FTDNA","Modern","9606","M3335184","A2z","0.9637","A-T152C!","16568","16568","FTDNA mtFull","Puerto Rico","null","null","null","B219673","null","Good","2018-07-11","null"
"B234416","FTDNA","Modern","9606","M9159579","A2z","0.9726","A2z","16569","16569","FTDNA mtFull","null","null","null","null","B234416","null","Good","2017-11-02","null"
"B250220","FTDNA","Modern","9606","G4963199","A2z","0.9241","null","3142","3132","FTDNA GxG","null","null","null","GRC171563226","B250220","null","LowCov","2021-10-10","null"
"B265047","FTDNA","Modern","9606","G5872839","A2z","0.9241","null","3142","3128","FTDNA GxG","null","null","null","GRC171646240","B265047","null","LowCov","2021-10-10","null"
"B268257","FTDNA","Modern","9606","G5267249","A2z","0.9241","null","3142","3130","FTDNA GxG","null","null","null","GRC171693851","B268257","null","LowCov","2021-10-10","null"
"B311871","FTDNA","Modern","9606","G8896848","A2z","0.9241","null","3142","3131","FTDNA GxG","null","null","null","GRC171173849","B311871","null","LowCov","2021-10-10","null"
"B342513","FTDNA","Modern","9606","G6059245","A2z","0.9241","null","3142","3130","FTDNA GxG","null","null","null","GRC171751324","B342513","null","LowCov","2021-10-11","null"
"B342732","FTDNA","Modern","9606","G1136420","A2z","0.9241","null","3142","3131","FTDNA GxG","null","null","null","GRC171358544","B342732","null","LowCov","2021-10-10","null"
"B365187","FTDNA","Modern","9606","G2655558","A2z","0.9222","null","3142","3131","FTDNA GxG","null","null","null","GRC182577186","B365187","null","LowCov","2021-10-10","null"
"B3878","FTDNA","Modern","9606","M1068970","A2z","0.9637","A-T152C!","16569","16569","FTDNA mtFull","Puerto Rico","null","null","null","B3878","null","Good","2013-06-25","null"
"B410998","FTDNA","Modern","9606","M3335184","A2z","0.9637","A-T152C!","16568","16568","FTDNA mtFull","Puerto Rico","null","null","null","B410998","null","Good","2018-11-01","null"
"B418102","FTDNA","Modern","9606","G7536829","A2z","0.9241","null","3142","3131","FTDNA GxG","null","null","null","GRC17004868","B418102","null","LowCov","2018-07-02","null"
"B42337","FTDNA","Modern","9606","M9379690","A2z","0.9671","A2z","16568","16568","FTDNA mtFull","null","null","null","null","B42337","null","Good","2015-09-04","null"
"B479020","FTDNA","Modern","9606","G8444363","A2z","0.9335","null","3508","3495","FTDNA GSA","Puerto Rico","null","null","GRC193228726","B479020","null","LowCov","2021-10-10","null"
"B503357","FTDNA","Modern","9606","M9159579","A2z","0.9726","A2z","16569","16569","FTDNA mtFull","Puerto Rico","null","null","null","B503357","null","Good","2019-09-07","null"
"B513416","FTDNA","Modern","9606","G3063945","A2z","0.9241","null","3142","3132","FTDNA GxG","null","null","null","GRC182390394","B513416","null","LowCov","2021-10-10","null"
"B520708","FTDNA","Modern","9606","G6290517","A2z","0.9375","null","3508","3473","FTDNA GSA","null","null","null","GRC193629536","B520708","null","LowCov","2021-10-10","null"
"B537278","FTDNA","Modern","9606","M5616585","A2z","1","null","16568","16567","FTDNA mtFull","null","null","null","GRC193739022","B537278","null","LowCov","2021-10-10","null"
"B550053","FTDNA","Modern","9606","M4188657","A2z","0.9582","A2z","16569","16569","FTDNA mtFull","null","null","null","null","B550053","null","Good","2019-10-01","null"
"B556259","FTDNA","Modern","9606","G8842257","A2z","0.9385","null","3508","3474","FTDNA GSA","null","null","null","GRC193764827","B556259","null","LowCov","2021-10-11","null"
"B569264","FTDNA","Modern","9606","G6633942","A2z","0.9542","null","3508","3497","FTDNA GSA","null","null","null","GRC194009980","B569264","null","LowCov","2021-10-11","null"
"B570241","FTDNA","Modern","9606","G5458335","A2z","0.9368","null","3508","3493","FTDNA GSA","null","null","null","GRC194056596","B570241","null","LowCov","2021-10-10","null"
"B579368","FTDNA","Modern","9606","G6604010","A2z","0.9368","null","3508","3491","FTDNA GSA","null","null","null","GRC194089117","B579368","null","LowCov","2021-10-10","null"
"B588817","FTDNA","Modern","9606","G3808608","A2z","0.9488","null","3508","3498","FTDNA GSA","null","null","null","GRC194174971","B588817","null","LowCov","2021-10-10","null"
"B615862","FTDNA","Modern","9606","G5578408","A2z","0.9368","null","3508","3493","FTDNA GSA","null","null","null","GRC204502308","B615862","null","LowCov","2021-10-11","null"
"B618561","FTDNA","Modern","9606","G8614479","A2z","0.938","null","3508","3496","FTDNA GSA","null","null","null","GRC204453111","B618561","null","LowCov","2021-10-10","null"
"B632011","FTDNA","Modern","9606","M3335184","A2z","0.9637","A-T152C!","16568","16568","FTDNA mtFull","Puerto Rico","null","null","null","B632011","null","Good","2021-08-26","null"
"B648769","FTDNA","Modern","9606","M6473330","A2z","0.9581","A-T152C!","16568","16567","FTDNA mtFull","null","null","null","null","B648769","null","Good","2020-08-06","null"
"B654871","FTDNA","Modern","9606","G6722496","A2z","0.938","null","3508","3497","FTDNA GSA","null","null","null","GRC204832390","B654871","null","LowCov","2021-10-11","null"
"B663395","FTDNA","Modern","9606","G9445521","A2z","0.9391","null","3508","3496","FTDNA GSA","null","null","null","GRC204936223","B663395","null","LowCov","2021-10-10","null"
"B669587","FTDNA","Modern","9606","G3035550","A2z","0.9368","null","3508","3481","FTDNA GSA","null","null","null","GRC204992783","B669587","null","LowCov","2021-10-10","null"
"B67033","FTDNA","Modern","9606","M1068970","A2z","0.9637","A-T152C!","16569","16569","FTDNA mtFull","Puerto Rico","null","null","null","B67033","null","Good","2015-10-02","null"
"B67980","FTDNA","Modern","9606","M8068853","A2z","0.9581","A-T152C!","16568","16568","FTDNA mtFull","Puerto Rico","null","null","null","B67980","null","Good","2016-12-28","null"
"B685129","FTDNA","Modern","9606","G6124590","A2z","0.9391","null","3508","3497","FTDNA GSA","null","null","null","GRC205161742","B685129","null","LowCov","2021-10-10","null"
"B687093","FTDNA","Modern","null","M9159579","A2z","0.9726","null","16569","16569","FTDNA mtFull","null","null","null","null","B687093","null","Good","2023-05-10","null"
"B692702","FTDNA","Modern","9606","G5644881","A2z","0.938","null","3508","3492","FTDNA GSA","null","null","null","GRC205216961","B692702","null","LowCov","2021-10-09","null"
"B729031","FTDNA","Modern","9606","G5815286","A2z","0.9391","null","3508","3497","FTDNA GSA","null","null","null","GRC215692865","B729031","null","LowCov","2021-02-11","null"
"B73518","FTDNA","Modern","9606","DQ282425.1","A2z","0.9726","A2z","16568","16568","FTDNA mtFull","Puerto Rico","null","null","null","B73518","null","Good","2015-10-22","null"
"B754742","FTDNA","Modern","9606","DQ282425.1","A2z","0.9726","A2z","16568","16568","FTDNA mtFull","Puerto Rico","null","null","null","B754742","null","Good","2021-06-18","null"
"B764321","FTDNA","Modern","9606","G7789870","A2z","0.9292","null","3508","3497","FTDNA GSA","null","null","null","GRC215980879","B764321","null","LowCov","2021-05-19","null"
"B78894","FTDNA","Modern","9606","M7163983","A2z","0.9671","A2z","16569","16568","FTDNA mtFull","Puerto Rico","null","null","null","B78894","null","Good","2016-04-19","null"
"B847014","FTDNA","Modern","null","M9379690","A2z","0.9671","null","16568","16568","FTDNA mtFull","null","null","null","null","B847014","null","Good","2023-12-15","null"
"B872093","FTDNA","Modern","null","M3335184","A2z","0.9637","null","16568","16568","FTDNA mtFull","null","null","null","null","B872093","null","Good","2023-05-10","null"
"B878578","FTDNA","Modern","null","DQ282425.1","A2z","0.9726","null","16568","16568","FTDNA mtFull","null","null","null","null","B878578","null","Good","2023-05-09","null"
"B891541","FTDNA","Modern","null","M8743890","A2z","0.9792","null","16568","16568","FTDNA mtFull","null","null","null","null","B891541","null","Good","2023-05-10","null"
"B957331","FTDNA","Modern","null","DQ282425.1","A2z","0.9726","null","16568","16568","FTDNA mtFull","null","null","null","null","B957331","null","Good","2023-12-15","null"
"DQ282424.1","GenBank","Modern","9606","DQ282424.1","A2z","0.9619","null","16568","16568","Just 2008","null","null","DQ282424.1","A2-4-01","null","null","Good","2006-11-30","PhyloTree A2z"
"DQ282425.1","GenBank","Modern","9606","DQ282425.1","A2z","0.9726","null","16568","16568","Just 2008","null","null","DQ282425.1","A2-4-02","null","null","Good","2006-11-30","PhyloTree A2z"
"DQ282426.1","GenBank","Modern","9606","DQ282425.1","A2z","0.9726","null","16568","16568","Just 2008","null","null","DQ282426.1","A2-4-03","null","null","Unknown","2006-11-30","null"
"DQ282427.1","GenBank","Modern","9606","DQ282425.1","A2z","0.9726","null","16568","16568","Just 2008","null","null","DQ282427.1","A2-4-04","null","null","Unknown","2006-11-30","null"
"E28351","FTDNA","Modern","9606","G3476704","A2z","0.9239","null","3142","3132","FTDNA GxG","null","null","null","GRC171488367","E28351","null","LowCov","2021-10-11","null"
"E39092","FTDNA","Modern","9606","DQ282425.1","A2z","0.9726","A2z","16568","16568","FTDNA mtFull","Spain","null","null","null","E39092","null","Good","2019-08-30","null"
"GEHK67GEBH","Genographic Project","Modern","9606","G2320842","A2z","0.914","A4","3142","3142","Geno 3.0","null","null","null","GRC16802974","N195654","null","LowCov","2017-04-12","null"
"GRC13212020_bigy700","Big Y-700","Modern","9606","M8068853","A2z","0.9581","null","16568","16568","FTDNA Big Y-700","Puerto Rico","null","null","null","287168","null","Good","2021-11-09","null"
"GRC13287000_bigy700","Big Y-700","Modern","9606","M9159579","A2z","0.9726","A2z","16569","16569","FTDNA Big Y-700","Spain","null","null","null","316785","null","Good","2014-06-02","null"
"GRC15525823_bigy700","Big Y-700","Modern","9606","M7525218","A2z","1","null","16569","16568","FTDNA Big Y-700","Puerto Rico","null","null","null","B48083","null","Good","2021-11-09","null"
"GRC171334094_bigy700","Big Y-700","Modern","9606","M3335184","A2z","0.9637","A-T152C!","16568","16568","FTDNA Big Y-700","Puerto Rico","null","null","null","671843","null","Good","2017-07-26","null"
"GRC193548329_bigy700","Big Y-700","Modern","9606","M9575535","A2z","0.9926","null","16566","16549","FTDNA Big Y-700","Puerto Rico","null","null","null","MK59879","null","Good","2021-11-09","null"
"GRC193956413_bigy700","Big Y-700","Modern","9606","M4233920","A2z","1","null","16567","16566","FTDNA Big Y-700","Ireland","null","null","null","910152","null","Good","2021-11-09","null"
"GRC194172567_bigy700","Big Y-700","Modern","9606","M8459344","A2z","1","null","16569","16569","FTDNA Big Y-700","null","null","null","null","918807","null","Good","2021-11-09","null"
"GRC204704693_bigy700","Big Y-700","Modern","9606","M3335184","A2z","0.9637","A-T152C!","16568","16568","FTDNA Big Y-700","Puerto Rico","null","null","null","B632011","null","Good","2021-08-26","null"
"HG00551_wgs_30x","1000 Genomes","Modern","9606","M2673840","A2z","0.9494","null","16568","16568","null","Puerto Rico","Puerto Rican","null","HG00551","null","null","Good","2021-11-08","null"
"HG00552_wgs_30x","1000 Genomes","Modern","9606","M2673840","A2z","0.9494","null","16568","16568","null","Puerto Rico","Puerto Rican","null","HG00552","null","null","Good","2021-11-08","null"
"HG00731_pt","PhyloTree","Modern","9606","M9103157","A2z","0.9897","null","16566","16565","PhyloTree","Puerto Rico","Puerto Rican","null","HG00731","null","null","Unknown","2022-02-08","null"
"HG00731_wgs_30x","1000 Genomes","Modern","9606","M6665445","A2z","0.9787","null","16568","16568","null","Puerto Rico","Puerto Rican","null","HG00731","null","null","Good","2021-11-08","null"
"HG00736_pt","PhyloTree","Modern","9606","M3897964","A2z","0.9807","null","16566","16566","PhyloTree","Puerto Rico","Puerto Rican","null","HG00736","null","null","Unknown","2022-02-08","null"
"HG00736_wgs_30x","1000 Genomes","Modern","9606","M8068853","A2z","0.9581","null","16568","16568","null","Puerto Rico","Puerto Rican","null","HG00736","null","null","Good","2021-11-08","null"
"HG01061_pt","PhyloTree","Modern","9606","M3040969","A2z","0.9796","null","16566","16566","PhyloTree","Puerto Rico","Puerto Rican","null","HG01061","null","null","Unknown","2022-02-08","null"
"HG01061_wgs_30x","1000 Genomes","Modern","9606","DQ282425.1","A2z","0.9726","null","16568","16568","null","Puerto Rico","Puerto Rican","null","HG01061","null","null","Good","2021-11-08","null"
"HG01062_wgs_30x","1000 Genomes","Modern","9606","DQ282425.1","A2z","0.9726","null","16568","16568","null","Puerto Rico","Puerto Rican","null","HG01062","null","null","Good","2021-11-08","null"
"HG01083_pt","PhyloTree","Modern","9606","M2313937","A2z","0.9796","null","16567","16567","PhyloTree","Puerto Rico","Puerto Rican","null","HG01083","null","null","Unknown","2022-02-08","null"
"HG01083_wgs_30x","1000 Genomes","Modern","9606","DQ282425.1","A2z","0.9726","null","16568","16568","null","Puerto Rico","Puerto Rican","null","HG01083","null","null","Good","2021-11-08","null"
"HG01084_wgs_30x","1000 Genomes","Modern","9606","DQ282425.1","A2z","0.9726","null","16568","16568","null","Puerto Rico","Puerto Rican","null","HG01084","null","null","Good","2021-11-08","null"
"HG01200_wgs_30x","1000 Genomes","Modern","9606","M9159579","A2z","0.9726","null","16569","16569","null","Puerto Rico","Puerto Rican","null","HG01200","null","null","Good","2021-11-08","null"
"HG01305_wgs_30x","1000 Genomes","Modern","9606","M3335184","A2z","0.9637","null","16568","16568","null","Puerto Rico","Puerto Rican","null","HG01305","null","null","Good","2021-11-08","null"
"HG01393_wgs_30x","1000 Genomes","Modern","9606","DQ282425.1","A2z","0.9726","null","16568","16568","null","Puerto Rico","Puerto Rican","null","HG01393","null","null","Good","2021-11-08","null"
"HG01395_wgs_30x","1000 Genomes","Modern","9606","M9159579","A2z","0.9726","null","16569","16569","null","Puerto Rico","Puerto Rican","null","HG01395","null","null","Good","2021-11-08","null"
"HG01398_wgs_30x","1000 Genomes","Modern","9606","M2876313","A2z","0.9927","null","16568","16568","null","Puerto Rico","Puerto Rican","null","HG01398","null","null","Good","2021-11-08","null"
"IN124746","FTDNA","Modern","null","M9159579","A2z","0.9726","null","16569","16569","FTDNA mtFull","null","null","null","null","IN124746","null","Good","2023-05-09","null"
"IN34660","FTDNA","Modern","9606","M8068853","A2z","0.9581","A-T152C!","16568","16568","FTDNA mtFull","null","null","null","null","IN34660","null","Good","2018-08-24","null"
"JQ705069.1","GenBank","Modern","9606","JQ705069.1","A2z","0.9726","null","16569","16568","Behar 2012","null","null","JQ705069.1","null","null","null","Unknown","2012-04-07","null"
"JQ705380.1","GenBank","Modern","9606","JQ705380.1","A2z","0.9671","null","16569","16569","Behar 2012","null","null","JQ705380.1","null","null","null","Unknown","2012-04-07","null"
"KM102071.1","GenBank","Modern","9606","KM102071.1","A2z","0.9726","null","16568","16568","Just 2014","USA","null","KM102071.1","mtGHispIL0004","null","null","Unknown","2014-11-02","null"
"LH10053","FTDNA","Modern","9606","G4553018","A2z","0.9391","null","3508","3496","FTDNA GSA","null","null","null","GRC204966159","LH10053","null","LowCov","2021-10-10","null"
"MI22868","FTDNA","Modern","9606","G2161358","A2z","0.9225","null","3142","3133","FTDNA GxG","null","null","null","GRC182299285","MI22868","null","LowCov","2021-10-10","null"
"MI56087","FTDNA","Modern","9606","G4979340","A2z","0.9378","null","3508","3496","FTDNA GSA","null","null","null","GRC204328896","MI56087","null","LowCov","2021-10-11","null"
"MI56088","FTDNA","Modern","9606","G6982309","A2z","0.9368","null","3508","3492","FTDNA GSA","null","null","null","GRC204314895","MI56088","null","LowCov","2021-10-10","null"
"MI62943","FTDNA","Modern","9606","JQ705380.1","A2z","0.9671","A2z","16569","16569","FTDNA mtFull","null","null","null","null","MI62943","null","Good","2021-03-09","null"
"MK11056","FTDNA","Modern","9606","G8215920","A2z","0.9241","null","3142","3134","FTDNA GxG","null","null","null","GRC171734287","MK11056","null","LowCov","2021-10-09","null"
"MK12243","FTDNA","Modern","9606","G9759999","A2z","0.9241","null","3142","3134","FTDNA GxG","Puerto Rico","null","null","GRC182899949","MK12243","null","LowCov","2021-10-10","null"
"MK13541","FTDNA","Modern","9606","G6345770","A2z","0.9241","null","3142","3131","FTDNA GxG","null","null","null","GRC182022860","MK13541","null","LowCov","2021-10-10","null"
"MK15592","FTDNA","Modern","9606","G9062260","A2z","0.9241","null","3142","3122","FTDNA GxG","null","null","null","GRC181848313","MK15592","null","LowCov","2021-10-10","null"
"MK23567","FTDNA","Modern","9606","G4751160","A2z","0.9241","null","3142","3122","FTDNA GxG","null","null","null","GRC182078267","MK23567","null","LowCov","2021-10-10","null"
"MK24236","FTDNA","Modern","9606","M9379690","A2z","0.9671","A2z","16568","16568","FTDNA mtFull","null","null","null","null","MK24236","null","Good","2018-03-26","null"
"MK26225","FTDNA","Modern","9606","G9527134","A2z","0.9381","null","3142","3134","FTDNA GxG","null","null","null","GRC181913878","MK26225","null","LowCov","2021-10-11","null"
"MK26226","FTDNA","Modern","9606","G5076910","A2z","0.9453","null","3142","3125","FTDNA GxG","null","null","null","GRC181894744","MK26226","null","LowCov","2021-10-10","null"
"MK28923","FTDNA","Modern","9606","M9379690","A2z","0.9671","A2z","16568","16568","FTDNA mtFull","France","null","null","null","MK28923","null","Good","2018-03-16","null"
"MK28940","FTDNA","Modern","9606","G9318695","A2z","0.9548","null","3508","3493","FTDNA GSA","United States","null","null","GRC204988603","MK28940","null","LowCov","2021-10-10","null"
"MK34126","FTDNA","Modern","9606","G3180164","A2z","0.9241","null","3142","3135","FTDNA GxG","null","null","null","GRC182468603","MK34126","null","LowCov","2021-10-09","null"
"MK34902","FTDNA","Modern","9606","G1976126","A2z","0.9241","null","3142","3134","FTDNA GxG","null","null","null","GRC182348844","MK34902","null","LowCov","2021-10-11","null"
"MK40466","FTDNA","Modern","9606","JQ705380.1","A2z","0.9671","A2z","16569","16569","FTDNA mtFull","Puerto Rico","null","null","null","MK40466","null","Good","2018-08-07","null"
"MK49909","FTDNA","Modern","9606","G9082232","A2z","0.9241","null","3142","3131","FTDNA GxG","null","null","null","GRC193280789","MK49909","null","LowCov","2021-10-10","null"
"MK53270","FTDNA","Modern","9606","G6336743","A2z","0.9241","null","3142","3131","FTDNA GxG","null","null","null","GRC183077096","MK53270","null","LowCov","2021-10-10","null"
"MK53271","FTDNA","Modern","9606","G1095451","A2z","0.9241","null","3142","3134","FTDNA GxG","null","null","null","GRC183055930","MK53271","null","LowCov","2021-10-11","null"
"MK60356","FTDNA","Modern","9606","M3335184","A2z","0.9637","A-T152C!","16568","16568","FTDNA mtFull","null","null","null","null","MK60356","null","Good","2020-02-13","null"
"MK69763","FTDNA","Modern","9606","DQ282425.1","A2z","0.9726","A2z","16568","16568","FTDNA mtFull","null","null","null","null","MK69763","null","Good","2021-01-21","null"
"MK70511","FTDNA","Modern","9606","JQ705380.1","A2z","0.9671","A2z","16569","16569","FTDNA mtFull","null","null","null","null","MK70511","null","Good","2020-12-11","null"
"MK71823","FTDNA","Modern","9606","G9078686","A2z","0.938","null","3508","3493","FTDNA GSA","null","null","null","GRC215615963","MK71823","null","LowCov","2021-01-24","null"
"MK72083","FTDNA","Modern","9606","G2468159","A2z","0.938","null","3508","3494","FTDNA GSA","null","null","null","GRC215700173","MK72083","null","LowCov","2021-02-10","null"
"MK72143","FTDNA","Modern","9606","M9159579","A2z","0.9726","A2z","16569","16569","FTDNA mtFull","null","null","null","null","MK72143","null","Good","2021-02-04","null"
"MK79076","FTDNA","Modern","null","M3335184","A2z","0.9637","null","16568","16568","FTDNA mtFull","null","null","null","null","MK79076","null","Good","2023-05-09","null"
"MK81353","FTDNA","Modern","null","M3335184","A2z","0.9637","null","16568","16568","FTDNA mtFull","null","null","null","null","MK81353","null","Good","2023-05-09","null"
"N106603","FTDNA","Modern","9606","G5004150","A2z","0.9241","null","3142","3134","FTDNA GxG","Puerto Rico","null","null","GRC16779736","N106603","null","LowCov","2021-10-11","null"
"N126866","FTDNA","Modern","9606","M3335184","A2z","0.9637","A-T152C!","16568","16568","FTDNA mtFull","Spain","null","null","null","N126866","null","Good","2015-09-23","null"
"N144931","FTDNA","Modern","9606","G7111956","A2z","0.9241","null","3142","3133","FTDNA GxG","Puerto Rico","null","null","GRC13283293","N144931","null","LowCov","2021-10-09","null"
"N164695","FTDNA","Modern","9606","G2554211","A2z","0.9241","null","3142","3132","FTDNA GxG","null","null","null","GRC16689657","N164695","null","LowCov","2021-10-10","null"
"N184239","FTDNA","Modern","9606","G5273320","A2z","0.9239","null","3142","3136","FTDNA GxG","null","null","null","GRC16766129","N184239","null","LowCov","2021-10-10","null"
"N187566","FTDNA","Modern","9606","M9159579","A2z","0.9726","A2z","16569","16569","FTDNA mtFull","United States","null","null","null","N187566","null","Good","2017-03-12","null"
"N215357","FTDNA","Modern","9606","G6721800","A2z","0.9241","null","3142","3132","FTDNA GxG","Puerto Rico","null","null","GRC16889893","N215357","null","LowCov","2021-10-11","null"
"N21675","FTDNA","Modern","9606","M7327433","A2z","0.9671","A2z","16569","16568","FTDNA mtFull","Puerto Rico","null","null","null","N21675","null","Good","2006-04-28","null"
"N22483","FTDNA","Modern","9606","M9379690","A2z","0.9671","A2z","16568","16568","FTDNA mtFull","Puerto Rico","null","null","null","N22483","null","Good","2014-12-02","null"
"N3622","FTDNA","Modern","9606","H2965584","A2z","1","A","1143","1143","FTDNA mtPlus","Spain","null","null","null","N3622","null","LowCov","2014-10-13","null"
"N36536","FTDNA","Modern","9606","JQ705380.1","A2z","0.9671","A2z","16569","16569","FTDNA mtFull","Puerto Rico","null","null","null","N36536","null","Good","2010-02-10","null"
"N64129","FTDNA","Modern","9606","G3084119","A2z","0.9241","null","3142","3135","FTDNA GxG","Puerto Rico","null","null","GRC16810453","N64129","null","LowCov","2021-10-10","null"
"N71873","FTDNA","Modern","9606","H2965584","A2z","1","A","1143","1143","FTDNA mtPlus","Puerto Rico","null","null","null","N71873","null","LowCov","2010-11-12","null"
"N72329","FTDNA","Modern","9606","H2965584","A2z","1","A","1143","1143","FTDNA mtPlus","Puerto Rico","null","null","null","N72329","null","LowCov","2009-07-07","null"
"N73203","FTDNA","Modern","9606","H2965584","A2z","1","A","1143","1143","FTDNA mtPlus","null","null","null","null","N73203","null","LowCov","2010-04-14","null"
"N8443","FTDNA","Modern","9606","H2965584","A2z","1","A","1143","1143","FTDNA mtPlus","null","null","null","null","N8443","null","LowCov","2005-11-16","null"
"SI15380","FTDNA","Modern","null","M9808625","A2z","0.9794","null","16569","16569","FTDNA mtFull","null","null","null","null","SI15380","null","Good","2023-05-09","null"
"SRR1596977","SRA","Modern","null","M4567080","A2z","0.9807","null","16568","16567","null","null","null","null","null","null","null","Unknown","2021-11-30","null"
"SRR1599617","SRA","Modern","null","M8771573","A2z","1","null","16568","16567","null","null","null","null","null","null","null","Unknown","2021-11-30","null"
"SRR1599639","SRA","Modern","null","M2487390","A2z","1","null","16568","16556","null","null","null","null","null","null","null","Unknown","2021-11-30","null"
"SRR3417181","SRA","Modern","null","M3433225","A2z","1","null","16567","16565","null","null","null","null","null","null","null","Unknown","2021-12-01","null"
"SRR6784626","SRA","Modern","null","M8068853","A2z","0.9581","null","16568","16568","null","null","null","null","null","null","null","Unknown","2021-11-29","null"
"V5363","FTDNA","Modern","9606","G5559896","A2z","0.9241","null","3142","3134","FTDNA GxG","null","null","null","GRC171657227","V5363","null","LowCov","2021-10-10","null"
"V6569","FTDNA","Modern","9606","G1322489","A2z","0.9241","null","3142","3132","FTDNA GxG","null","null","null","GRC182663619","V6569","null","LowCov","2021-10-10","null"
"XT65998XNH","Genographic Project","Modern","9606","G6097140","A2z","0.9036","A2z","3142","3142","Geno 3.0","United States","null","null","GRC16761661","N187566","null","LowCov","2016-05-06","null"
"XT7644AH39","Genographic Project","Modern","9606","G2320842","A2z","0.914","A4","3142","3142","Geno 3.0","Puerto Rico","null","null","GRC16889893","N215357","null","LowCov","2016-09-22","null"
"XT79FHF689","Genographic Project","Modern","9606","G2320842","A2z","0.914","A4","3142","3142","Geno 3.0","null","null","null","GRC16689657","N164695","null","LowCov","2016-02-04","null"
"XTA76TR8K5","Genographic Project","Modern","9606","G1107703","A2z","0.9124","A4","3142","3142","Geno 3.0","null","null","null","GRC16766129","N184239","null","LowCov","2016-04-25","null"
"XTR9ATHC76","Genographic Project","Modern","9606","G2320842","A2z","0.914","A4","3142","3142","Geno 3.0","null","null","null","GRC16811281","N202782","null","LowCov","2017-04-14","null"